transaction_id,session_id,user_id,transaction_date,product_sku,product_name,category,quantity,unit_price_usd,discount_usd,revenue_usd
T000001,S0000084,U004137,2025-01-01,SKU002,Adidas Ultraboost,Running,1,179.99,18.0,161.99
T000002,S0000084,U004137,2025-01-01,SKU006,Skechers Sport,Sports,2,59.99,0.0,119.98
T000003,S0000247,U001944,2025-01-01,SKU007,Timberland Boots,Boots,1,149.99,0.0,149.99
T000004,S0000247,U001944,2025-01-01,SKU003,Puma Suede,Casual,3,79.99,0.0,239.97
T000005,S0000249,U014340,2025-01-01,SKU006,Skechers Sport,Sports,1,59.99,0.0,59.99
T000006,S0000299,U010494,2025-01-02,SKU006,Skechers Sport,Sports,1,59.99,0.0,59.99
T000007,S0000332,U014104,2025-01-02,SKU002,Adidas Ultraboost,Running,1,179.99,0.0,179.99
T000008,S0000332,U014104,2025-01-02,SKU010,Nike Pegasus,Running,1,129.99,0.0,129.99
T000009,S0000456,U011047,2025-01-02,SKU007,Timberland Boots,Boots,1,149.99,15.0,134.99
T000010,S0000465,U012942,2025-01-02,SKU003,Puma Suede,Casual,1,79.99,8.0,71.99
T000011,S0000465,U012942,2025-01-02,SKU008,Vans Old Skool,Casual,1,64.99,0.0,64.99
T000012,S0000617,U014947,2025-01-03,SKU003,Puma Suede,Casual,1,79.99,8.0,71.99
T000013,S0000617,U014947,2025-01-03,SKU006,Skechers Sport,Sports,1,59.99,0.0,59.99
T000014,S0000623,U011330,2025-01-03,SKU001,Nike Air Max,Sneakers,1,119.99,0.0,119.99
T000015,S0000623,U011330,2025-01-03,SKU009,Converse Chuck Taylor,Casual,1,54.99,0.0,54.99
T000016,S0000623,U011330,2025-01-03,SKU003,Puma Suede,Casual,2,79.99,0.0,159.98
T000017,S0000870,U006870,2025-01-03,SKU009,Converse Chuck Taylor,Casual,1,54.99,11.0,43.99
T000018,S0000870,U006870,2025-01-03,SKU003,Puma Suede,Casual,2,79.99,16.0,143.98
T000019,S0000884,U009368,2025-01-04,SKU004,Reebok Classic,Casual,1,69.99,0.0,69.99
T000020,S0000909,U005863,2025-01-04,SKU002,Adidas Ultraboost,Running,3,179.99,81.0,458.97
T000021,S0000988,U002749,2025-01-04,SKU001,Nike Air Max,Sneakers,1,119.99,0.0,119.99
T000022,S0000992,U006466,2025-01-04,SKU009,Converse Chuck Taylor,Casual,1,54.99,0.0,54.99
T000023,S0001147,U011834,2025-01-05,SKU009,Converse Chuck Taylor,Casual,1,54.99,0.0,54.99
T000024,S0001157,U005037,2025-01-05,SKU004,Reebok Classic,Casual,1,69.99,0.0,69.99
T000025,S0001204,U009733,2025-01-05,SKU002,Adidas Ultraboost,Running,1,179.99,0.0,179.99
T000026,S0001232,U013105,2025-01-05,SKU002,Adidas Ultraboost,Running,1,179.99,27.0,152.99
T000027,S0001296,U008605,2025-01-06,SKU003,Puma Suede,Casual,1,79.99,0.0,79.99
T000028,S0001541,U013524,2025-01-07,SKU003,Puma Suede,Casual,1,79.99,16.0,63.99
T000029,S0001541,U013524,2025-01-07,SKU005,New Balance 574,Sneakers,1,99.99,0.0,99.99
T000030,S0001541,U013524,2025-01-07,SKU010,Nike Pegasus,Running,1,129.99,13.0,116.99
T000031,S0001843,U006737,2025-01-08,SKU003,Puma Suede,Casual,1,79.99,8.0,71.99
T000032,S0001867,U008314,2025-01-08,SKU005,New Balance 574,Sneakers,1,99.99,10.0,89.99
T000033,S0001975,U005524,2025-01-08,SKU008,Vans Old Skool,Casual,1,64.99,0.0,64.99
T000034,S0001986,U002826,2025-01-08,SKU001,Nike Air Max,Sneakers,1,119.99,12.0,107.99
T000035,S0001993,U011082,2025-01-08,SKU010,Nike Pegasus,Running,1,129.99,0.0,129.99
T000036,S0001993,U011082,2025-01-08,SKU008,Vans Old Skool,Casual,1,64.99,9.75,55.24
T000037,S0002253,U012432,2025-01-09,SKU002,Adidas Ultraboost,Running,1,179.99,0.0,179.99
T000038,S0002255,U007225,2025-01-09,SKU007,Timberland Boots,Boots,1,149.99,0.0,149.99
T000039,S0002255,U007225,2025-01-09,SKU004,Reebok Classic,Casual,2,69.99,0.0,139.98
T000040,S0002274,U004993,2025-01-09,SKU010,Nike Pegasus,Running,1,129.99,26.0,103.99
T000041,S0002274,U004993,2025-01-09,SKU009,Converse Chuck Taylor,Casual,1,54.99,0.0,54.99
T000042,S0002311,U007130,2025-01-09,SKU006,Skechers Sport,Sports,2,59.99,0.0,119.98
T000043,S0002321,U007762,2025-01-09,SKU005,New Balance 574,Sneakers,1,99.99,0.0,99.99
T000044,S0002378,U005485,2025-01-10,SKU004,Reebok Classic,Casual,2,69.99,28.0,111.98
T000045,S0002420,U014193,2025-01-10,SKU002,Adidas Ultraboost,Running,2,179.99,36.0,323.98
T000046,S0002420,U014193,2025-01-10,SKU001,Nike Air Max,Sneakers,1,119.99,12.0,107.99
T000047,S0002420,U014193,2025-01-10,SKU008,Vans Old Skool,Casual,1,64.99,0.0,64.99
T000048,S0002464,U009533,2025-01-10,SKU010,Nike Pegasus,Running,1,129.99,13.0,116.99
T000049,S0002481,U004016,2025-01-10,SKU006,Skechers Sport,Sports,1,59.99,6.0,53.99
T000050,S0002481,U004016,2025-01-10,SKU007,Timberland Boots,Boots,1,149.99,22.5,127.49
T000051,S0002629,U003696,2025-01-10,SKU003,Puma Suede,Casual,1,79.99,0.0,79.99
T000052,S0002629,U003696,2025-01-10,SKU010,Nike Pegasus,Running,1,129.99,0.0,129.99
T000053,S0002734,U014523,2025-01-11,SKU005,New Balance 574,Sneakers,1,99.99,10.0,89.99
T000054,S0002734,U014523,2025-01-11,SKU007,Timberland Boots,Boots,1,149.99,22.5,127.49
T000055,S0002855,U013149,2025-01-12,SKU004,Reebok Classic,Casual,1,69.99,0.0,69.99
T000056,S0002855,U013149,2025-01-12,SKU007,Timberland Boots,Boots,1,149.99,15.0,134.99
T000057,S0002855,U013149,2025-01-12,SKU003,Puma Suede,Casual,2,79.99,0.0,159.98
T000058,S0003104,U014290,2025-01-13,SKU001,Nike Air Max,Sneakers,1,119.99,0.0,119.99
T000059,S0003224,U008491,2025-01-13,SKU007,Timberland Boots,Boots,1,149.99,22.5,127.49
T000060,S0003264,U013239,2025-01-13,SKU006,Skechers Sport,Sports,1,59.99,6.0,53.99
T000061,S0003396,U009119,2025-01-14,SKU004,Reebok Classic,Casual,3,69.99,0.0,209.97
T000062,S0003441,U004415,2025-01-14,SKU005,New Balance 574,Sneakers,2,99.99,0.0,199.98
T000063,S0003441,U004415,2025-01-14,SKU003,Puma Suede,Casual,1,79.99,0.0,79.99
T000064,S0003445,U010445,2025-01-14,SKU008,Vans Old Skool,Casual,1,64.99,0.0,64.99
T000065,S0003499,U011635,2025-01-14,SKU010,Nike Pegasus,Running,1,129.99,26.0,103.99
T000066,S0003726,U006816,2025-01-15,SKU008,Vans Old Skool,Casual,2,64.99,0.0,129.98
T000067,S0003726,U006816,2025-01-15,SKU005,New Balance 574,Sneakers,1,99.99,20.0,79.99
T000068,S0003726,U006816,2025-01-15,SKU007,Timberland Boots,Boots,1,149.99,22.5,127.49
T000069,S0003777,U009899,2025-01-15,SKU003,Puma Suede,Casual,1,79.99,12.0,67.99
T000070,S0003873,U005629,2025-01-16,SKU006,Skechers Sport,Sports,1,59.99,0.0,59.99
T000071,S0004022,U014601,2025-01-16,SKU009,Converse Chuck Taylor,Casual,1,54.99,11.0,43.99
T000072,S0004022,U014601,2025-01-16,SKU003,Puma Suede,Casual,1,79.99,16.0,63.99
T000073,S0004022,U014601,2025-01-16,SKU005,New Balance 574,Sneakers,1,99.99,10.0,89.99
T000074,S0004024,U014560,2025-01-16,SKU005,New Balance 574,Sneakers,2,99.99,0.0,199.98
T000075,S0004024,U014560,2025-01-16,SKU008,Vans Old Skool,Casual,3,64.99,0.0,194.97
T000076,S0004024,U014560,2025-01-16,SKU001,Nike Air Max,Sneakers,1,119.99,0.0,119.99
T000077,S0004024,U014560,2025-01-16,SKU003,Puma Suede,Casual,1,79.99,0.0,79.99
T000078,S0004118,U009792,2025-01-16,SKU001,Nike Air Max,Sneakers,1,119.99,0.0,119.99
T000079,S0004454,U006452,2025-01-18,SKU001,Nike Air Max,Sneakers,2,119.99,0.0,239.98
T000080,S0004454,U006452,2025-01-18,SKU003,Puma Suede,Casual,1,79.99,0.0,79.99
T000081,S0004454,U006452,2025-01-18,SKU002,Adidas Ultraboost,Running,1,179.99,0.0,179.99
T000082,S0004502,U006306,2025-01-18,SKU002,Adidas Ultraboost,Running,1,179.99,0.0,179.99
T000083,S0004596,U008952,2025-01-19,SKU009,Converse Chuck Taylor,Casual,3,54.99,0.0,164.97
T000084,S0004613,U002079,2025-01-19,SKU001,Nike Air Max,Sneakers,1,119.99,12.0,107.99
T000085,S0004613,U002079,2025-01-19,SKU007,Timberland Boots,Boots,1,149.99,0.0,149.99
T000086,S0004618,U009345,2025-01-19,SKU006,Skechers Sport,Sports,3,59.99,0.0,179.97
T000087,S0004618,U009345,2025-01-19,SKU004,Reebok Classic,Casual,3,69.99,21.0,188.97
T000088,S0004644,U007217,2025-01-19,SKU008,Vans Old Skool,Casual,1,64.99,6.5,58.49
T000089,S0004689,U010053,2025-01-19,SKU007,Timberland Boots,Boots,1,149.99,0.0,149.99
T000090,S0004689,U010053,2025-01-19,SKU005,New Balance 574,Sneakers,2,99.99,20.0,179.98
T000091,S0004825,U010510,2025-01-20,SKU004,Reebok Classic,Casual,1,69.99,14.0,55.99
T000092,S0004858,U008889,2025-01-20,SKU004,Reebok Classic,Casual,1,69.99,10.5,59.49
T000093,S0004893,U013954,2025-01-20,SKU008,Vans Old Skool,Casual,1,64.99,6.5,58.49
T000094,S0004893,U013954,2025-01-20,SKU002,Adidas Ultraboost,Running,3,179.99,0.0,539.97
T000095,S0004992,U000925,2025-01-20,SKU009,Converse Chuck Taylor,Casual,1,54.99,0.0,54.99
T000096,S0004992,U000925,2025-01-20,SKU007,Timberland Boots,Boots,1,149.99,0.0,149.99
T000097,S0005001,U010893,2025-01-20,SKU006,Skechers Sport,Sports,2,59.99,0.0,119.98
T000098,S0005001,U010893,2025-01-20,SKU008,Vans Old Skool,Casual,1,64.99,9.75,55.24
T000099,S0005001,U010893,2025-01-20,SKU002,Adidas Ultraboost,Running,1,179.99,0.0,179.99
T000100,S0005001,U010893,2025-01-20,SKU007,Timberland Boots,Boots,1,149.99,0.0,149.99
T000101,S0005046,U007086,2025-01-21,SKU008,Vans Old Skool,Casual,1,64.99,9.75,55.24
T000102,S0005105,U007358,2025-01-21,SKU008,Vans Old Skool,Casual,2,64.99,19.5,110.48
T000103,S0005111,U003080,2025-01-21,SKU001,Nike Air Max,Sneakers,2,119.99,0.0,239.98
T000104,S0005279,U007904,2025-01-21,SKU003,Puma Suede,Casual,2,79.99,0.0,159.98
T000105,S0005279,U007904,2025-01-21,SKU006,Skechers Sport,Sports,2,59.99,12.0,107.98
T000106,S0005333,U014308,2025-01-22,SKU003,Puma Suede,Casual,1,79.99,0.0,79.99
T000107,S0005333,U014308,2025-01-22,SKU002,Adidas Ultraboost,Running,2,179.99,0.0,359.98
T000108,S0005333,U014308,2025-01-22,SKU004,Reebok Classic,Casual,2,69.99,0.0,139.98
T000109,S0005347,U011296,2025-01-22,SKU008,Vans Old Skool,Casual,1,64.99,13.0,51.99
T000110,S0005347,U011296,2025-01-22,SKU009,Converse Chuck Taylor,Casual,2,54.99,0.0,109.98
T000111,S0005347,U011296,2025-01-22,SKU004,Reebok Classic,Casual,1,69.99,0.0,69.99
T000112,S0005392,U012348,2025-01-22,SKU003,Puma Suede,Casual,1,79.99,0.0,79.99
T000113,S0005392,U012348,2025-01-22,SKU006,Skechers Sport,Sports,1,59.99,0.0,59.99
T000114,S0005392,U012348,2025-01-22,SKU010,Nike Pegasus,Running,1,129.99,0.0,129.99
T000115,S0005736,U002807,2025-01-23,SKU003,Puma Suede,Casual,1,79.99,0.0,79.99
T000116,S0005765,U006941,2025-01-23,SKU002,Adidas Ultraboost,Running,1,179.99,27.0,152.99
T000117,S0005765,U006941,2025-01-23,SKU003,Puma Suede,Casual,1,79.99,0.0,79.99
T000118,S0005901,U011098,2025-01-24,SKU006,Skechers Sport,Sports,1,59.99,0.0,59.99
T000119,S0006057,U014898,2025-01-24,SKU005,New Balance 574,Sneakers,1,99.99,20.0,79.99
T000120,S0006207,U013825,2025-01-25,SKU002,Adidas Ultraboost,Running,1,179.99,0.0,179.99
T000121,S0006225,U007497,2025-01-25,SKU001,Nike Air Max,Sneakers,1,119.99,0.0,119.99
T000122,S0006236,U009795,2025-01-25,SKU005,New Balance 574,Sneakers,1,99.99,0.0,99.99
T000123,S0006236,U009795,2025-01-25,SKU007,Timberland Boots,Boots,1,149.99,0.0,149.99
T000124,S0006480,U006856,2025-01-26,SKU009,Converse Chuck Taylor,Casual,1,54.99,5.5,49.49
T000125,S0006480,U006856,2025-01-26,SKU007,Timberland Boots,Boots,1,149.99,0.0,149.99
T000126,S0006532,U002604,2025-01-27,SKU005,New Balance 574,Sneakers,1,99.99,0.0,99.99
T000127,S0006649,U007691,2025-01-27,SKU006,Skechers Sport,Sports,1,59.99,0.0,59.99
T000128,S0006705,U004983,2025-01-27,SKU001,Nike Air Max,Sneakers,2,119.99,0.0,239.98
T000129,S0006813,U014781,2025-01-28,SKU007,Timberland Boots,Boots,1,149.99,0.0,149.99
T000130,S0006813,U014781,2025-01-28,SKU002,Adidas Ultraboost,Running,1,179.99,0.0,179.99
T000131,S0006813,U014781,2025-01-28,SKU008,Vans Old Skool,Casual,1,64.99,0.0,64.99
T000132,S0006856,U008734,2025-01-28,SKU009,Converse Chuck Taylor,Casual,1,54.99,8.25,46.74
T000133,S0006856,U008734,2025-01-28,SKU003,Puma Suede,Casual,1,79.99,8.0,71.99
T000134,S0007100,U004558,2025-01-29,SKU008,Vans Old Skool,Casual,1,64.99,9.75,55.24
T000135,S0007100,U004558,2025-01-29,SKU009,Converse Chuck Taylor,Casual,2,54.99,0.0,109.98
T000136,S0007110,U004618,2025-01-29,SKU007,Timberland Boots,Boots,1,149.99,0.0,149.99
T000137,S0007110,U004618,2025-01-29,SKU002,Adidas Ultraboost,Running,1,179.99,18.0,161.99
T000138,S0007250,U014868,2025-01-29,SKU005,New Balance 574,Sneakers,1,99.99,0.0,99.99
T000139,S0007250,U014868,2025-01-29,SKU008,Vans Old Skool,Casual,2,64.99,0.0,129.98
T000140,S0007264,U014291,2025-01-29,SKU008,Vans Old Skool,Casual,1,64.99,9.75,55.24
T000141,S0007264,U014291,2025-01-29,SKU007,Timberland Boots,Boots,1,149.99,0.0,149.99
T000142,S0007473,U004551,2025-01-30,SKU006,Skechers Sport,Sports,1,59.99,9.0,50.99
T000143,S0007473,U004551,2025-01-30,SKU003,Puma Suede,Casual,1,79.99,8.0,71.99
T000144,S0007485,U010238,2025-01-30,SKU008,Vans Old Skool,Casual,1,64.99,0.0,64.99
T000145,S0007624,U001295,2025-01-30,SKU008,Vans Old Skool,Casual,1,64.99,0.0,64.99
T000146,S0007624,U001295,2025-01-30,SKU007,Timberland Boots,Boots,1,149.99,0.0,149.99
T000147,S0007748,U001094,2025-01-31,SKU008,Vans Old Skool,Casual,1,64.99,0.0,64.99
T000148,S0007792,U008240,2025-01-31,SKU007,Timberland Boots,Boots,1,149.99,15.0,134.99
T000149,S0007792,U008240,2025-01-31,SKU002,Adidas Ultraboost,Running,1,179.99,18.0,161.99
T000150,S0007865,U010889,2025-01-31,SKU001,Nike Air Max,Sneakers,1,119.99,18.0,101.99
T000151,S0007865,U010889,2025-01-31,SKU002,Adidas Ultraboost,Running,1,179.99,0.0,179.99
T000152,S0007865,U010889,2025-01-31,SKU005,New Balance 574,Sneakers,1,99.99,0.0,99.99
T000153,S0007865,U010889,2025-01-31,SKU010,Nike Pegasus,Running,1,129.99,13.0,116.99
T000154,S0007904,U006992,2025-02-01,SKU007,Timberland Boots,Boots,1,149.99,0.0,149.99
T000155,S0007904,U006992,2025-02-01,SKU009,Converse Chuck Taylor,Casual,1,54.99,0.0,54.99
T000156,S0008070,U011124,2025-02-01,SKU001,Nike Air Max,Sneakers,1,119.99,0.0,119.99
T000157,S0008270,U006366,2025-02-03,SKU007,Timberland Boots,Boots,2,149.99,45.0,254.98
T000158,S0008318,U007941,2025-02-03,SKU010,Nike Pegasus,Running,2,129.99,0.0,259.98
T000159,S0008323,U011839,2025-02-03,SKU005,New Balance 574,Sneakers,1,99.99,0.0,99.99
T000160,S0008326,U008924,2025-02-03,SKU003,Puma Suede,Casual,1,79.99,0.0,79.99
T000161,S0008326,U008924,2025-02-03,SKU009,Converse Chuck Taylor,Casual,1,54.99,8.25,46.74
T000162,S0008390,U001404,2025-02-03,SKU002,Adidas Ultraboost,Running,1,179.99,0.0,179.99
T000163,S0008399,U014846,2025-02-03,SKU010,Nike Pegasus,Running,1,129.99,0.0,129.99
T000164,S0008399,U014846,2025-02-03,SKU003,Puma Suede,Casual,2,79.99,0.0,159.98
T000165,S0008520,U009754,2025-02-03,SKU010,Nike Pegasus,Running,2,129.99,0.0,259.98
T000166,S0008644,U005581,2025-02-04,SKU001,Nike Air Max,Sneakers,2,119.99,0.0,239.98
T000167,S0008644,U005581,2025-02-04,SKU006,Skechers Sport,Sports,1,59.99,0.0,59.99
T000168,S0008792,U007316,2025-02-04,SKU008,Vans Old Skool,Casual,1,64.99,9.75,55.24
T000169,S0008810,U004020,2025-02-04,SKU006,Skechers Sport,Sports,2,59.99,12.0,107.98
T000170,S0008810,U004020,2025-02-04,SKU009,Converse Chuck Taylor,Casual,2,54.99,16.5,93.48
T000171,S0008837,U012186,2025-02-04,SKU005,New Balance 574,Sneakers,1,99.99,0.0,99.99
T000172,S0008837,U012186,2025-02-04,SKU008,Vans Old Skool,Casual,1,64.99,6.5,58.49
T000173,S0008945,U008638,2025-02-05,SKU001,Nike Air Max,Sneakers,1,119.99,12.0,107.99
T000174,S0008945,U008638,2025-02-05,SKU007,Timberland Boots,Boots,1,149.99,22.5,127.49
T000175,S0008960,U008572,2025-02-05,SKU009,Converse Chuck Taylor,Casual,1,54.99,5.5,49.49
T000176,S0008985,U009876,2025-02-05,SKU006,Skechers Sport,Sports,1,59.99,6.0,53.99
T000177,S0009083,U005113,2025-02-05,SKU009,Converse Chuck Taylor,Casual,1,54.99,8.25,46.74
T000178,S0009083,U005113,2025-02-05,SKU001,Nike Air Max,Sneakers,2,119.99,0.0,239.98
T000179,S0009131,U003856,2025-02-05,SKU001,Nike Air Max,Sneakers,1,119.99,12.0,107.99
T000180,S0009184,U006341,2025-02-05,SKU009,Converse Chuck Taylor,Casual,1,54.99,0.0,54.99
T000181,S0009184,U006341,2025-02-05,SKU003,Puma Suede,Casual,2,79.99,16.0,143.98
T000182,S0009184,U006341,2025-02-05,SKU002,Adidas Ultraboost,Running,1,179.99,0.0,179.99
T000183,S0009210,U008924,2025-02-05,SKU002,Adidas Ultraboost,Running,1,179.99,18.0,161.99
T000184,S0009402,U002686,2025-02-06,SKU008,Vans Old Skool,Casual,1,64.99,0.0,64.99
T000185,S0009509,U014439,2025-02-06,SKU002,Adidas Ultraboost,Running,1,179.99,0.0,179.99
T000186,S0009866,U014412,2025-02-08,SKU009,Converse Chuck Taylor,Casual,1,54.99,0.0,54.99
T000187,S0009965,U014173,2025-02-08,SKU002,Adidas Ultraboost,Running,1,179.99,0.0,179.99
T000188,S0009965,U014173,2025-02-08,SKU008,Vans Old Skool,Casual,1,64.99,0.0,64.99
T000189,S0009965,U014173,2025-02-08,SKU009,Converse Chuck Taylor,Casual,1,54.99,0.0,54.99
T000190,S0009965,U014173,2025-02-08,SKU005,New Balance 574,Sneakers,1,99.99,10.0,89.99
T000191,S0009981,U007762,2025-02-09,SKU007,Timberland Boots,Boots,1,149.99,30.0,119.99
T000192,S0009981,U007762,2025-02-09,SKU005,New Balance 574,Sneakers,1,99.99,0.0,99.99
T000193,S0010006,U011533,2025-02-09,SKU008,Vans Old Skool,Casual,1,64.99,0.0,64.99
T000194,S0010045,U014952,2025-02-09,SKU010,Nike Pegasus,Running,1,129.99,0.0,129.99
T000195,S0010115,U008188,2025-02-09,SKU005,New Balance 574,Sneakers,2,99.99,0.0,199.98
T000196,S0010115,U008188,2025-02-09,SKU007,Timberland Boots,Boots,1,149.99,0.0,149.99
T000197,S0010118,U010139,2025-02-09,SKU007,Timberland Boots,Boots,1,149.99,30.0,119.99
T000198,S0010118,U010139,2025-02-09,SKU002,Adidas Ultraboost,Running,1,179.99,0.0,179.99
T000199,S0010118,U010139,2025-02-09,SKU008,Vans Old Skool,Casual,1,64.99,6.5,58.49
T000200,S0010136,U006702,2025-02-09,SKU008,Vans Old Skool,Casual,1,64.99,0.0,64.99
T000201,S0010149,U008719,2025-02-09,SKU003,Puma Suede,Casual,1,79.99,0.0,79.99
T000202,S0010236,U001914,2025-02-10,SKU010,Nike Pegasus,Running,1,129.99,0.0,129.99
T000203,S0010286,U004206,2025-02-10,SKU003,Puma Suede,Casual,1,79.99,0.0,79.99
T000204,S0010293,U010218,2025-02-10,SKU003,Puma Suede,Casual,1,79.99,0.0,79.99
T000205,S0010293,U010218,2025-02-10,SKU009,Converse Chuck Taylor,Casual,1,54.99,0.0,54.99
T000206,S0010453,U013914,2025-02-11,SKU004,Reebok Classic,Casual,1,69.99,7.0,62.99
T000207,S0010466,U013819,2025-02-11,SKU010,Nike Pegasus,Running,2,129.99,26.0,233.98
T000208,S0010466,U013819,2025-02-11,SKU002,Adidas Ultraboost,Running,2,179.99,0.0,359.98
T000209,S0010466,U013819,2025-02-11,SKU001,Nike Air Max,Sneakers,1,119.99,18.0,101.99
T000210,S0010466,U013819,2025-02-11,SKU007,Timberland Boots,Boots,1,149.99,0.0,149.99
T000211,S0010474,U007243,2025-02-11,SKU005,New Balance 574,Sneakers,1,99.99,15.0,84.99
T000212,S0010474,U007243,2025-02-11,SKU008,Vans Old Skool,Casual,1,64.99,0.0,64.99
T000213,S0010474,U007243,2025-02-11,SKU002,Adidas Ultraboost,Running,2,179.99,0.0,359.98
T000214,S0010515,U002827,2025-02-11,SKU010,Nike Pegasus,Running,1,129.99,13.0,116.99
T000215,S0010589,U000938,2025-02-11,SKU006,Skechers Sport,Sports,1,59.99,0.0,59.99
T000216,S0010589,U000938,2025-02-11,SKU002,Adidas Ultraboost,Running,2,179.99,72.0,287.98
T000217,S0010653,U007634,2025-02-11,SKU001,Nike Air Max,Sneakers,2,119.99,0.0,239.98
T000218,S0010653,U007634,2025-02-11,SKU002,Adidas Ultraboost,Running,2,179.99,54.0,305.98
T000219,S0010653,U007634,2025-02-11,SKU006,Skechers Sport,Sports,2,59.99,0.0,119.98
T000220,S0010751,U004712,2025-02-12,SKU001,Nike Air Max,Sneakers,1,119.99,12.0,107.99
T000221,S0010752,U002417,2025-02-12,SKU004,Reebok Classic,Casual,1,69.99,0.0,69.99
T000222,S0010772,U008531,2025-02-12,SKU005,New Balance 574,Sneakers,1,99.99,0.0,99.99
T000223,S0010871,U000774,2025-02-12,SKU010,Nike Pegasus,Running,1,129.99,0.0,129.99
T000224,S0010871,U000774,2025-02-12,SKU002,Adidas Ultraboost,Running,1,179.99,27.0,152.99
T000225,S0010873,U000497,2025-02-12,SKU005,New Balance 574,Sneakers,2,99.99,30.0,169.98
T000226,S0010899,U012402,2025-02-12,SKU002,Adidas Ultraboost,Running,1,179.99,0.0,179.99
T000227,S0010966,U011710,2025-02-12,SKU003,Puma Suede,Casual,1,79.99,0.0,79.99
T000228,S0010966,U011710,2025-02-12,SKU007,Timberland Boots,Boots,1,149.99,0.0,149.99
T000229,S0011027,U003114,2025-02-13,SKU002,Adidas Ultraboost,Running,1,179.99,36.0,143.99
T000230,S0011027,U003114,2025-02-13,SKU007,Timberland Boots,Boots,1,149.99,0.0,149.99
T000231,S0011027,U003114,2025-02-13,SKU010,Nike Pegasus,Running,1,129.99,19.5,110.49
T000232,S0011062,U010627,2025-02-13,SKU007,Timberland Boots,Boots,1,149.99,0.0,149.99
T000233,S0011062,U010627,2025-02-13,SKU005,New Balance 574,Sneakers,1,99.99,0.0,99.99
T000234,S0011067,U004979,2025-02-13,SKU010,Nike Pegasus,Running,1,129.99,0.0,129.99
T000235,S0011067,U004979,2025-02-13,SKU006,Skechers Sport,Sports,1,59.99,0.0,59.99
T000236,S0011067,U004979,2025-02-13,SKU007,Timberland Boots,Boots,1,149.99,0.0,149.99
T000237,S0011077,U012241,2025-02-13,SKU001,Nike Air Max,Sneakers,1,119.99,0.0,119.99
T000238,S0011077,U012241,2025-02-13,SKU003,Puma Suede,Casual,1,79.99,8.0,71.99
T000239,S0011077,U012241,2025-02-13,SKU007,Timberland Boots,Boots,1,149.99,0.0,149.99
T000240,S0011077,U012241,2025-02-13,SKU004,Reebok Classic,Casual,2,69.99,21.0,118.98
T000241,S0011150,U012761,2025-02-13,SKU007,Timberland Boots,Boots,1,149.99,0.0,149.99
T000242,S0011244,U001636,2025-02-13,SKU004,Reebok Classic,Casual,1,69.99,10.5,59.49
T000243,S0011286,U006588,2025-02-13,SKU008,Vans Old Skool,Casual,1,64.99,13.0,51.99
T000244,S0011301,U005551,2025-02-13,SKU006,Skechers Sport,Sports,1,59.99,9.0,50.99
T000245,S0011340,U012684,2025-02-14,SKU006,Skechers Sport,Sports,2,59.99,0.0,119.98
T000246,S0011465,U001148,2025-02-14,SKU003,Puma Suede,Casual,1,79.99,12.0,67.99
T000247,S0011465,U001148,2025-02-14,SKU007,Timberland Boots,Boots,1,149.99,0.0,149.99
T000248,S0011504,U013617,2025-02-14,SKU003,Puma Suede,Casual,1,79.99,0.0,79.99
T000249,S0011707,U012168,2025-02-15,SKU009,Converse Chuck Taylor,Casual,1,54.99,0.0,54.99
T000250,S0011765,U003112,2025-02-15,SKU004,Reebok Classic,Casual,1,69.99,0.0,69.99
T000251,S0011822,U002873,2025-02-16,SKU002,Adidas Ultraboost,Running,1,179.99,0.0,179.99
T000252,S0011822,U002873,2025-02-16,SKU009,Converse Chuck Taylor,Casual,1,54.99,0.0,54.99
T000253,S0011822,U002873,2025-02-16,SKU004,Reebok Classic,Casual,1,69.99,0.0,69.99
T000254,S0011822,U002873,2025-02-16,SKU001,Nike Air Max,Sneakers,1,119.99,0.0,119.99
T000255,S0011880,U003457,2025-02-16,SKU007,Timberland Boots,Boots,1,149.99,0.0,149.99
T000256,S0012032,U014559,2025-02-17,SKU009,Converse Chuck Taylor,Casual,1,54.99,0.0,54.99
T000257,S0012280,U004097,2025-02-18,SKU008,Vans Old Skool,Casual,1,64.99,6.5,58.49
T000258,S0012307,U006800,2025-02-18,SKU004,Reebok Classic,Casual,3,69.99,0.0,209.97
T000259,S0012307,U006800,2025-02-18,SKU001,Nike Air Max,Sneakers,3,119.99,0.0,359.97
T000260,S0012402,U014824,2025-02-18,SKU002,Adidas Ultraboost,Running,1,179.99,0.0,179.99
T000261,S0012402,U014824,2025-02-18,SKU009,Converse Chuck Taylor,Casual,3,54.99,16.5,148.47
T000262,S0012402,U014824,2025-02-18,SKU004,Reebok Classic,Casual,2,69.99,0.0,139.98
T000263,S0012402,U014824,2025-02-18,SKU008,Vans Old Skool,Casual,1,64.99,0.0,64.99
T000264,S0012487,U002865,2025-02-18,SKU002,Adidas Ultraboost,Running,2,179.99,36.0,323.98
T000265,S0012637,U006412,2025-02-19,SKU007,Timberland Boots,Boots,1,149.99,22.5,127.49
T000266,S0012854,U003823,2025-02-20,SKU006,Skechers Sport,Sports,1,59.99,0.0,59.99
T000267,S0012854,U003823,2025-02-20,SKU007,Timberland Boots,Boots,2,149.99,0.0,299.98
T000268,S0012861,U010544,2025-02-20,SKU009,Converse Chuck Taylor,Casual,1,54.99,0.0,54.99
T000269,S0012998,U001005,2025-02-20,SKU004,Reebok Classic,Casual,1,69.99,0.0,69.99
T000270,S0013020,U005385,2025-02-20,SKU007,Timberland Boots,Boots,3,149.99,89.99,359.98
T000271,S0013020,U005385,2025-02-20,SKU006,Skechers Sport,Sports,1,59.99,12.0,47.99
T000272,S0013222,U011736,2025-02-21,SKU010,Nike Pegasus,Running,1,129.99,0.0,129.99
T000273,S0013303,U004976,2025-02-21,SKU006,Skechers Sport,Sports,1,59.99,0.0,59.99
T000274,S0013334,U014405,2025-02-21,SKU004,Reebok Classic,Casual,1,69.99,0.0,69.99
T000275,S0013334,U014405,2025-02-21,SKU010,Nike Pegasus,Running,2,129.99,0.0,259.98
T000276,S0013334,U014405,2025-02-21,SKU001,Nike Air Max,Sneakers,1,119.99,0.0,119.99
T000277,S0013342,U006700,2025-02-21,SKU008,Vans Old Skool,Casual,2,64.99,13.0,116.98
T000278,S0013355,U007833,2025-02-21,SKU007,Timberland Boots,Boots,2,149.99,45.0,254.98
T000279,S0013355,U007833,2025-02-21,SKU005,New Balance 574,Sneakers,1,99.99,0.0,99.99
T000280,S0013355,U007833,2025-02-21,SKU009,Converse Chuck Taylor,Casual,1,54.99,0.0,54.99
T000281,S0013424,U003215,2025-02-21,SKU003,Puma Suede,Casual,1,79.99,0.0,79.99
T000282,S0013424,U003215,2025-02-21,SKU004,Reebok Classic,Casual,2,69.99,21.0,118.98
T000283,S0013424,U003215,2025-02-21,SKU006,Skechers Sport,Sports,2,59.99,0.0,119.98
T000284,S0013459,U007281,2025-02-21,SKU008,Vans Old Skool,Casual,2,64.99,0.0,129.98
T000285,S0013604,U011159,2025-02-22,SKU001,Nike Air Max,Sneakers,1,119.99,0.0,119.99
T000286,S0013675,U012283,2025-02-22,SKU010,Nike Pegasus,Running,2,129.99,0.0,259.98
T000287,S0013695,U009680,2025-02-22,SKU008,Vans Old Skool,Casual,1,64.99,9.75,55.24
T000288,S0013695,U009680,2025-02-22,SKU009,Converse Chuck Taylor,Casual,1,54.99,8.25,46.74
T000289,S0013695,U009680,2025-02-22,SKU001,Nike Air Max,Sneakers,3,119.99,36.0,323.97
T000290,S0013695,U009680,2025-02-22,SKU006,Skechers Sport,Sports,1,59.99,6.0,53.99
T000291,S0013757,U011389,2025-02-23,SKU007,Timberland Boots,Boots,1,149.99,0.0,149.99
T000292,S0013823,U014563,2025-02-23,SKU005,New Balance 574,Sneakers,1,99.99,15.0,84.99
T000293,S0013829,U004530,2025-02-23,SKU002,Adidas Ultraboost,Running,1,179.99,18.0,161.99
T000294,S0013876,U013866,2025-02-23,SKU002,Adidas Ultraboost,Running,1,179.99,0.0,179.99
T000295,S0013876,U013866,2025-02-23,SKU007,Timberland Boots,Boots,1,149.99,0.0,149.99
T000296,S0013991,U011988,2025-02-24,SKU003,Puma Suede,Casual,1,79.99,16.0,63.99
T000297,S0013991,U011988,2025-02-24,SKU002,Adidas Ultraboost,Running,1,179.99,0.0,179.99
T000298,S0013991,U011988,2025-02-24,SKU007,Timberland Boots,Boots,2,149.99,0.0,299.98
T000299,S0014018,U013040,2025-02-24,SKU002,Adidas Ultraboost,Running,2,179.99,0.0,359.98
T000300,S0014214,U011900,2025-02-24,SKU007,Timberland Boots,Boots,1,149.99,0.0,149.99
T000301,S0014346,U007584,2025-02-25,SKU008,Vans Old Skool,Casual,2,64.99,0.0,129.98
T000302,S0014424,U014266,2025-02-25,SKU009,Converse Chuck Taylor,Casual,1,54.99,8.25,46.74
T000303,S0014424,U014266,2025-02-25,SKU003,Puma Suede,Casual,2,79.99,0.0,159.98
T000304,S0014424,U014266,2025-02-25,SKU010,Nike Pegasus,Running,1,129.99,0.0,129.99
T000305,S0014428,U001470,2025-02-25,SKU007,Timberland Boots,Boots,1,149.99,0.0,149.99
T000306,S0014579,U014164,2025-02-26,SKU009,Converse Chuck Taylor,Casual,2,54.99,22.0,87.98
T000307,S0014690,U010209,2025-02-26,SKU003,Puma Suede,Casual,1,79.99,0.0,79.99
T000308,S0014690,U010209,2025-02-26,SKU005,New Balance 574,Sneakers,1,99.99,15.0,84.99
T000309,S0014778,U013296,2025-02-26,SKU003,Puma Suede,Casual,1,79.99,8.0,71.99
T000310,S0014778,U013296,2025-02-26,SKU006,Skechers Sport,Sports,1,59.99,0.0,59.99
T000311,S0014778,U013296,2025-02-26,SKU009,Converse Chuck Taylor,Casual,1,54.99,0.0,54.99
T000312,S0014919,U005392,2025-02-27,SKU001,Nike Air Max,Sneakers,1,119.99,12.0,107.99
T000313,S0014919,U005392,2025-02-27,SKU004,Reebok Classic,Casual,2,69.99,14.0,125.98
T000314,S0014942,U009110,2025-02-27,SKU006,Skechers Sport,Sports,1,59.99,6.0,53.99
T000315,S0014942,U009110,2025-02-27,SKU009,Converse Chuck Taylor,Casual,1,54.99,5.5,49.49
T000316,S0014973,U006581,2025-02-27,SKU001,Nike Air Max,Sneakers,1,119.99,0.0,119.99
T000317,S0015126,U006774,2025-02-28,SKU005,New Balance 574,Sneakers,1,99.99,0.0,99.99
T000318,S0015126,U006774,2025-02-28,SKU009,Converse Chuck Taylor,Casual,1,54.99,8.25,46.74
T000319,S0015368,U002222,2025-03-01,SKU009,Converse Chuck Taylor,Casual,1,54.99,0.0,54.99
T000320,S0015370,U003604,2025-03-01,SKU010,Nike Pegasus,Running,1,129.99,0.0,129.99
T000321,S0015370,U003604,2025-03-01,SKU007,Timberland Boots,Boots,1,149.99,22.5,127.49
T000322,S0015450,U005647,2025-03-01,SKU007,Timberland Boots,Boots,2,149.99,0.0,299.98
T000323,S0015475,U007916,2025-03-01,SKU001,Nike Air Max,Sneakers,1,119.99,0.0,119.99
T000324,S0015475,U007916,2025-03-01,SKU006,Skechers Sport,Sports,1,59.99,12.0,47.99
T000325,S0015524,U000062,2025-03-01,SKU004,Reebok Classic,Casual,1,69.99,0.0,69.99
T000326,S0015524,U000062,2025-03-01,SKU003,Puma Suede,Casual,2,79.99,16.0,143.98
T000327,S0015524,U000062,2025-03-01,SKU007,Timberland Boots,Boots,1,149.99,15.0,134.99
T000328,S0015578,U005814,2025-03-02,SKU008,Vans Old Skool,Casual,1,64.99,0.0,64.99
T000329,S0015578,U005814,2025-03-02,SKU004,Reebok Classic,Casual,1,69.99,10.5,59.49
T000330,S0015584,U007716,2025-03-02,SKU008,Vans Old Skool,Casual,1,64.99,6.5,58.49
T000331,S0015760,U012993,2025-03-03,SKU009,Converse Chuck Taylor,Casual,1,54.99,0.0,54.99
T000332,S0015760,U012993,2025-03-03,SKU010,Nike Pegasus,Running,2,129.99,0.0,259.98
T000333,S0015760,U012993,2025-03-03,SKU005,New Balance 574,Sneakers,1,99.99,0.0,99.99
T000334,S0015878,U011211,2025-03-03,SKU009,Converse Chuck Taylor,Casual,1,54.99,11.0,43.99
T000335,S0015926,U008821,2025-03-03,SKU009,Converse Chuck Taylor,Casual,1,54.99,0.0,54.99
T000336,S0016037,U014134,2025-03-04,SKU006,Skechers Sport,Sports,1,59.99,0.0,59.99
T000337,S0016099,U012231,2025-03-04,SKU010,Nike Pegasus,Running,2,129.99,0.0,259.98
T000338,S0016204,U002936,2025-03-04,SKU006,Skechers Sport,Sports,1,59.99,6.0,53.99
T000339,S0016243,U004770,2025-03-04,SKU007,Timberland Boots,Boots,1,149.99,0.0,149.99
T000340,S0016243,U004770,2025-03-04,SKU005,New Balance 574,Sneakers,1,99.99,0.0,99.99
T000341,S0016243,U004770,2025-03-04,SKU006,Skechers Sport,Sports,2,59.99,0.0,119.98
T000342,S0016309,U009728,2025-03-04,SKU003,Puma Suede,Casual,1,79.99,8.0,71.99
T000343,S0016404,U005439,2025-03-05,SKU004,Reebok Classic,Casual,1,69.99,10.5,59.49
T000344,S0016419,U007660,2025-03-05,SKU001,Nike Air Max,Sneakers,1,119.99,0.0,119.99
T000345,S0016484,U010726,2025-03-05,SKU008,Vans Old Skool,Casual,1,64.99,0.0,64.99
T000346,S0016484,U010726,2025-03-05,SKU007,Timberland Boots,Boots,2,149.99,0.0,299.98
T000347,S0016484,U010726,2025-03-05,SKU006,Skechers Sport,Sports,1,59.99,0.0,59.99
T000348,S0016502,U002396,2025-03-05,SKU005,New Balance 574,Sneakers,1,99.99,0.0,99.99
T000349,S0016502,U002396,2025-03-05,SKU010,Nike Pegasus,Running,1,129.99,0.0,129.99
T000350,S0016584,U013877,2025-03-05,SKU008,Vans Old Skool,Casual,1,64.99,0.0,64.99
T000351,S0016758,U002914,2025-03-06,SKU004,Reebok Classic,Casual,1,69.99,0.0,69.99
T000352,S0016758,U002914,2025-03-06,SKU002,Adidas Ultraboost,Running,1,179.99,0.0,179.99
T000353,S0016758,U002914,2025-03-06,SKU007,Timberland Boots,Boots,1,149.99,0.0,149.99
T000354,S0016852,U010831,2025-03-06,SKU008,Vans Old Skool,Casual,2,64.99,19.5,110.48
T000355,S0016852,U010831,2025-03-06,SKU005,New Balance 574,Sneakers,1,99.99,0.0,99.99
T000356,S0016887,U002648,2025-03-06,SKU010,Nike Pegasus,Running,2,129.99,26.0,233.98
T000357,S0016887,U002648,2025-03-06,SKU006,Skechers Sport,Sports,1,59.99,12.0,47.99
T000358,S0016919,U002923,2025-03-06,SKU008,Vans Old Skool,Casual,1,64.99,0.0,64.99
T000359,S0016919,U002923,2025-03-06,SKU006,Skechers Sport,Sports,1,59.99,0.0,59.99
T000360,S0016919,U002923,2025-03-06,SKU009,Converse Chuck Taylor,Casual,1,54.99,0.0,54.99
T000361,S0016921,U013150,2025-03-06,SKU007,Timberland Boots,Boots,3,149.99,89.99,359.98
T000362,S0016921,U013150,2025-03-06,SKU002,Adidas Ultraboost,Running,1,179.99,0.0,179.99
T000363,S0016921,U013150,2025-03-06,SKU010,Nike Pegasus,Running,1,129.99,0.0,129.99
T000364,S0017063,U007346,2025-03-07,SKU003,Puma Suede,Casual,2,79.99,0.0,159.98
T000365,S0017063,U007346,2025-03-07,SKU005,New Balance 574,Sneakers,1,99.99,0.0,99.99
T000366,S0017067,U002129,2025-03-07,SKU006,Skechers Sport,Sports,1,59.99,9.0,50.99
T000367,S0017067,U002129,2025-03-07,SKU001,Nike Air Max,Sneakers,1,119.99,0.0,119.99
T000368,S0017238,U011201,2025-03-08,SKU008,Vans Old Skool,Casual,1,64.99,0.0,64.99
T000369,S0017394,U006903,2025-03-08,SKU010,Nike Pegasus,Running,1,129.99,0.0,129.99
T000370,S0017394,U006903,2025-03-08,SKU008,Vans Old Skool,Casual,1,64.99,0.0,64.99
T000371,S0017552,U011309,2025-03-09,SKU006,Skechers Sport,Sports,1,59.99,6.0,53.99
T000372,S0017552,U011309,2025-03-09,SKU002,Adidas Ultraboost,Running,1,179.99,27.0,152.99
T000373,S0017602,U005723,2025-03-09,SKU002,Adidas Ultraboost,Running,3,179.99,0.0,539.97
T000374,S0017610,U013355,2025-03-09,SKU005,New Balance 574,Sneakers,1,99.99,10.0,89.99
T000375,S0017694,U009031,2025-03-10,SKU008,Vans Old Skool,Casual,2,64.99,26.0,103.98
T000376,S0017695,U012195,2025-03-10,SKU006,Skechers Sport,Sports,1,59.99,0.0,59.99
T000377,S0017695,U012195,2025-03-10,SKU008,Vans Old Skool,Casual,1,64.99,0.0,64.99
T000378,S0017695,U012195,2025-03-10,SKU009,Converse Chuck Taylor,Casual,1,54.99,5.5,49.49
T000379,S0017695,U012195,2025-03-10,SKU001,Nike Air Max,Sneakers,1,119.99,0.0,119.99
T000380,S0017696,U013412,2025-03-10,SKU006,Skechers Sport,Sports,2,59.99,12.0,107.98
T000381,S0017696,U013412,2025-03-10,SKU009,Converse Chuck Taylor,Casual,1,54.99,0.0,54.99
T000382,S0017696,U013412,2025-03-10,SKU010,Nike Pegasus,Running,1,129.99,0.0,129.99
T000383,S0017732,U006570,2025-03-10,SKU010,Nike Pegasus,Running,1,129.99,0.0,129.99
T000384,S0017732,U006570,2025-03-10,SKU004,Reebok Classic,Casual,1,69.99,0.0,69.99
T000385,S0017732,U006570,2025-03-10,SKU007,Timberland Boots,Boots,1,149.99,0.0,149.99
T000386,S0018065,U013432,2025-03-11,SKU007,Timberland Boots,Boots,1,149.99,0.0,149.99
T000387,S0018075,U003055,2025-03-11,SKU004,Reebok Classic,Casual,1,69.99,0.0,69.99
T000388,S0018084,U004144,2025-03-11,SKU005,New Balance 574,Sneakers,2,99.99,0.0,199.98
T000389,S0018084,U004144,2025-03-11,SKU001,Nike Air Max,Sneakers,1,119.99,0.0,119.99
T000390,S0018084,U004144,2025-03-11,SKU010,Nike Pegasus,Running,1,129.99,0.0,129.99
T000391,S0018094,U005723,2025-03-11,SKU003,Puma Suede,Casual,1,79.99,0.0,79.99
T000392,S0018111,U013373,2025-03-11,SKU004,Reebok Classic,Casual,1,69.99,0.0,69.99
T000393,S0018216,U013286,2025-03-11,SKU002,Adidas Ultraboost,Running,1,179.99,0.0,179.99
T000394,S0018277,U012807,2025-03-12,SKU002,Adidas Ultraboost,Running,1,179.99,0.0,179.99
T000395,S0018277,U012807,2025-03-12,SKU004,Reebok Classic,Casual,1,69.99,0.0,69.99
T000396,S0018277,U012807,2025-03-12,SKU003,Puma Suede,Casual,1,79.99,0.0,79.99
T000397,S0018532,U013498,2025-03-12,SKU010,Nike Pegasus,Running,1,129.99,0.0,129.99
T000398,S0018623,U014991,2025-03-13,SKU009,Converse Chuck Taylor,Casual,3,54.99,24.75,140.22
T000399,S0018623,U014991,2025-03-13,SKU010,Nike Pegasus,Running,1,129.99,13.0,116.99
T000400,S0018623,U014991,2025-03-13,SKU003,Puma Suede,Casual,1,79.99,12.0,67.99
T000401,S0018657,U007793,2025-03-13,SKU009,Converse Chuck Taylor,Casual,1,54.99,5.5,49.49
T000402,S0018727,U001550,2025-03-13,SKU010,Nike Pegasus,Running,1,129.99,0.0,129.99
T000403,S0018727,U001550,2025-03-13,SKU003,Puma Suede,Casual,1,79.99,8.0,71.99
T000404,S0018727,U001550,2025-03-13,SKU005,New Balance 574,Sneakers,1,99.99,0.0,99.99
T000405,S0018851,U004252,2025-03-14,SKU001,Nike Air Max,Sneakers,2,119.99,0.0,239.98
T000406,S0018879,U012625,2025-03-14,SKU005,New Balance 574,Sneakers,1,99.99,0.0,99.99
T000407,S0018879,U012625,2025-03-14,SKU007,Timberland Boots,Boots,2,149.99,0.0,299.98
T000408,S0018923,U007466,2025-03-14,SKU010,Nike Pegasus,Running,1,129.99,0.0,129.99
T000409,S0019034,U003741,2025-03-14,SKU010,Nike Pegasus,Running,1,129.99,0.0,129.99
T000410,S0019034,U003741,2025-03-14,SKU003,Puma Suede,Casual,1,79.99,0.0,79.99
T000411,S0019154,U013318,2025-03-15,SKU010,Nike Pegasus,Running,1,129.99,0.0,129.99
T000412,S0019154,U013318,2025-03-15,SKU005,New Balance 574,Sneakers,1,99.99,0.0,99.99
T000413,S0019316,U011907,2025-03-15,SKU004,Reebok Classic,Casual,1,69.99,0.0,69.99
T000414,S0019479,U014022,2025-03-16,SKU003,Puma Suede,Casual,2,79.99,16.0,143.98
T000415,S0019479,U014022,2025-03-16,SKU008,Vans Old Skool,Casual,1,64.99,0.0,64.99
T000416,S0019479,U014022,2025-03-16,SKU010,Nike Pegasus,Running,2,129.99,0.0,259.98
T000417,S0019497,U001675,2025-03-16,SKU002,Adidas Ultraboost,Running,1,179.99,27.0,152.99
T000418,S0019731,U010909,2025-03-17,SKU006,Skechers Sport,Sports,2,59.99,0.0,119.98
T000419,S0019731,U010909,2025-03-17,SKU001,Nike Air Max,Sneakers,1,119.99,0.0,119.99
T000420,S0019763,U001461,2025-03-17,SKU010,Nike Pegasus,Running,2,129.99,0.0,259.98
T000421,S0019856,U004813,2025-03-18,SKU004,Reebok Classic,Casual,1,69.99,7.0,62.99
T000422,S0019857,U003737,2025-03-18,SKU001,Nike Air Max,Sneakers,1,119.99,0.0,119.99
T000423,S0019890,U003641,2025-03-18,SKU004,Reebok Classic,Casual,1,69.99,0.0,69.99
T000424,S0019890,U003641,2025-03-18,SKU009,Converse Chuck Taylor,Casual,1,54.99,0.0,54.99
T000425,S0019932,U001660,2025-03-18,SKU001,Nike Air Max,Sneakers,1,119.99,0.0,119.99
T000426,S0019932,U001660,2025-03-18,SKU008,Vans Old Skool,Casual,1,64.99,0.0,64.99
T000427,S0019932,U001660,2025-03-18,SKU002,Adidas Ultraboost,Running,1,179.99,0.0,179.99
T000428,S0019956,U011513,2025-03-18,SKU002,Adidas Ultraboost,Running,1,179.99,36.0,143.99
T000429,S0020080,U013761,2025-03-18,SKU005,New Balance 574,Sneakers,2,99.99,0.0,199.98
T000430,S0020080,U013761,2025-03-18,SKU002,Adidas Ultraboost,Running,1,179.99,0.0,179.99
T000431,S0020148,U014176,2025-03-18,SKU007,Timberland Boots,Boots,1,149.99,0.0,149.99
T000432,S0020180,U014234,2025-03-19,SKU010,Nike Pegasus,Running,1,129.99,0.0,129.99
T000433,S0020209,U001940,2025-03-19,SKU010,Nike Pegasus,Running,1,129.99,0.0,129.99
T000434,S0020323,U009256,2025-03-19,SKU009,Converse Chuck Taylor,Casual,1,54.99,0.0,54.99
T000435,S0020323,U009256,2025-03-19,SKU010,Nike Pegasus,Running,1,129.99,13.0,116.99
T000436,S0020343,U000008,2025-03-19,SKU010,Nike Pegasus,Running,1,129.99,0.0,129.99
T000437,S0020518,U002521,2025-03-20,SKU002,Adidas Ultraboost,Running,1,179.99,0.0,179.99
T000438,S0020518,U002521,2025-03-20,SKU004,Reebok Classic,Casual,1,69.99,0.0,69.99
T000439,S0020527,U007484,2025-03-20,SKU010,Nike Pegasus,Running,1,129.99,0.0,129.99
T000440,S0020591,U014813,2025-03-20,SKU008,Vans Old Skool,Casual,1,64.99,13.0,51.99
T000441,S0020727,U003863,2025-03-20,SKU004,Reebok Classic,Casual,1,69.99,0.0,69.99
T000442,S0020727,U003863,2025-03-20,SKU009,Converse Chuck Taylor,Casual,2,54.99,0.0,109.98
T000443,S0020828,U000325,2025-03-21,SKU001,Nike Air Max,Sneakers,1,119.99,0.0,119.99
T000444,S0021027,U008387,2025-03-22,SKU006,Skechers Sport,Sports,2,59.99,0.0,119.98
T000445,S0021027,U008387,2025-03-22,SKU001,Nike Air Max,Sneakers,2,119.99,24.0,215.98
T000446,S0021050,U010382,2025-03-22,SKU003,Puma Suede,Casual,1,79.99,8.0,71.99
T000447,S0021050,U010382,2025-03-22,SKU002,Adidas Ultraboost,Running,2,179.99,0.0,359.98
T000448,S0021050,U010382,2025-03-22,SKU010,Nike Pegasus,Running,2,129.99,0.0,259.98
T000449,S0021089,U003673,2025-03-22,SKU005,New Balance 574,Sneakers,1,99.99,15.0,84.99
T000450,S0021089,U003673,2025-03-22,SKU010,Nike Pegasus,Running,1,129.99,13.0,116.99
T000451,S0021096,U012288,2025-03-22,SKU009,Converse Chuck Taylor,Casual,1,54.99,0.0,54.99
T000452,S0021313,U007604,2025-03-23,SKU008,Vans Old Skool,Casual,1,64.99,6.5,58.49
T000453,S0021313,U007604,2025-03-23,SKU004,Reebok Classic,Casual,1,69.99,10.5,59.49
T000454,S0021339,U000955,2025-03-23,SKU002,Adidas Ultraboost,Running,2,179.99,0.0,359.98
T000455,S0021563,U008399,2025-03-24,SKU006,Skechers Sport,Sports,1,59.99,9.0,50.99
T000456,S0021613,U005112,2025-03-24,SKU003,Puma Suede,Casual,1,79.99,0.0,79.99
T000457,S0021724,U012903,2025-03-24,SKU004,Reebok Classic,Casual,1,69.99,0.0,69.99
T000458,S0021746,U010462,2025-03-25,SKU009,Converse Chuck Taylor,Casual,1,54.99,0.0,54.99
T000459,S0021754,U000592,2025-03-25,SKU010,Nike Pegasus,Running,1,129.99,0.0,129.99
T000460,S0021914,U007638,2025-03-25,SKU008,Vans Old Skool,Casual,1,64.99,0.0,64.99
T000461,S0021914,U007638,2025-03-25,SKU007,Timberland Boots,Boots,1,149.99,22.5,127.49
T000462,S0021920,U012562,2025-03-25,SKU003,Puma Suede,Casual,1,79.99,0.0,79.99
T000463,S0021927,U011794,2025-03-25,SKU001,Nike Air Max,Sneakers,1,119.99,0.0,119.99
T000464,S0022016,U006628,2025-03-26,SKU006,Skechers Sport,Sports,1,59.99,0.0,59.99
T000465,S0022016,U006628,2025-03-26,SKU010,Nike Pegasus,Running,1,129.99,0.0,129.99
T000466,S0022016,U006628,2025-03-26,SKU002,Adidas Ultraboost,Running,1,179.99,36.0,143.99
T000467,S0022029,U014000,2025-03-26,SKU010,Nike Pegasus,Running,1,129.99,0.0,129.99
T000468,S0022063,U012743,2025-03-26,SKU010,Nike Pegasus,Running,1,129.99,13.0,116.99
T000469,S0022063,U012743,2025-03-26,SKU003,Puma Suede,Casual,1,79.99,0.0,79.99
T000470,S0022063,U012743,2025-03-26,SKU004,Reebok Classic,Casual,1,69.99,0.0,69.99
T000471,S0022188,U014436,2025-03-26,SKU004,Reebok Classic,Casual,1,69.99,0.0,69.99
T000472,S0022188,U014436,2025-03-26,SKU009,Converse Chuck Taylor,Casual,1,54.99,11.0,43.99
T000473,S0022188,U014436,2025-03-26,SKU008,Vans Old Skool,Casual,1,64.99,9.75,55.24
T000474,S0022215,U002230,2025-03-26,SKU006,Skechers Sport,Sports,1,59.99,9.0,50.99
T000475,S0022225,U000587,2025-03-26,SKU002,Adidas Ultraboost,Running,1,179.99,18.0,161.99
T000476,S0022225,U000587,2025-03-26,SKU010,Nike Pegasus,Running,1,129.99,0.0,129.99
T000477,S0022358,U005114,2025-03-27,SKU004,Reebok Classic,Casual,1,69.99,10.5,59.49
T000478,S0022513,U003773,2025-03-27,SKU005,New Balance 574,Sneakers,1,99.99,15.0,84.99
T000479,S0022513,U003773,2025-03-27,SKU002,Adidas Ultraboost,Running,1,179.99,0.0,179.99
T000480,S0022544,U007913,2025-03-27,SKU004,Reebok Classic,Casual,1,69.99,7.0,62.99
T000481,S0022544,U007913,2025-03-27,SKU007,Timberland Boots,Boots,2,149.99,45.0,254.98
T000482,S0022684,U010979,2025-03-28,SKU004,Reebok Classic,Casual,1,69.99,10.5,59.49
T000483,S0022865,U003225,2025-03-28,SKU005,New Balance 574,Sneakers,1,99.99,0.0,99.99
T000484,S0022865,U003225,2025-03-28,SKU004,Reebok Classic,Casual,2,69.99,0.0,139.98
T000485,S0022984,U008796,2025-03-29,SKU008,Vans Old Skool,Casual,1,64.99,6.5,58.49
T000486,S0022984,U008796,2025-03-29,SKU001,Nike Air Max,Sneakers,3,119.99,0.0,359.97
T000487,S0023081,U006526,2025-03-29,SKU008,Vans Old Skool,Casual,1,64.99,0.0,64.99
T000488,S0023081,U006526,2025-03-29,SKU001,Nike Air Max,Sneakers,2,119.99,0.0,239.98
T000489,S0023314,U012534,2025-03-30,SKU005,New Balance 574,Sneakers,3,99.99,0.0,299.97
T000490,S0023314,U012534,2025-03-30,SKU001,Nike Air Max,Sneakers,1,119.99,0.0,119.99
T000491,S0023383,U000178,2025-03-31,SKU001,Nike Air Max,Sneakers,3,119.99,36.0,323.97
T000492,S0023616,U008595,2025-03-31,SKU001,Nike Air Max,Sneakers,1,119.99,0.0,119.99
T000493,S0023692,U005367,2025-04-01,SKU002,Adidas Ultraboost,Running,2,179.99,54.0,305.98
T000494,S0023783,U011877,2025-04-01,SKU006,Skechers Sport,Sports,1,59.99,6.0,53.99
T000495,S0023827,U013560,2025-04-01,SKU007,Timberland Boots,Boots,1,149.99,0.0,149.99
T000496,S0023901,U000888,2025-04-01,SKU010,Nike Pegasus,Running,1,129.99,0.0,129.99
T000497,S0023957,U013505,2025-04-02,SKU003,Puma Suede,Casual,1,79.99,8.0,71.99
T000498,S0023957,U013505,2025-04-02,SKU006,Skechers Sport,Sports,1,59.99,0.0,59.99
T000499,S0024013,U007695,2025-04-02,SKU003,Puma Suede,Casual,2,79.99,16.0,143.98
T000500,S0024013,U007695,2025-04-02,SKU009,Converse Chuck Taylor,Casual,1,54.99,0.0,54.99
T000501,S0024070,U010816,2025-04-02,SKU007,Timberland Boots,Boots,1,149.99,15.0,134.99
T000502,S0024092,U005979,2025-04-02,SKU002,Adidas Ultraboost,Running,1,179.99,0.0,179.99
T000503,S0024092,U005979,2025-04-02,SKU004,Reebok Classic,Casual,1,69.99,0.0,69.99
T000504,S0024147,U010385,2025-04-02,SKU003,Puma Suede,Casual,1,79.99,0.0,79.99
T000505,S0024179,U012068,2025-04-02,SKU009,Converse Chuck Taylor,Casual,2,54.99,11.0,98.98
T000506,S0024179,U012068,2025-04-02,SKU008,Vans Old Skool,Casual,1,64.99,0.0,64.99
T000507,S0024233,U006365,2025-04-02,SKU001,Nike Air Max,Sneakers,1,119.99,0.0,119.99
T000508,S0024266,U006517,2025-04-03,SKU004,Reebok Classic,Casual,1,69.99,0.0,69.99
T000509,S0024407,U004374,2025-04-03,SKU008,Vans Old Skool,Casual,1,64.99,6.5,58.49
T000510,S0024428,U005526,2025-04-03,SKU006,Skechers Sport,Sports,1,59.99,6.0,53.99
T000511,S0024428,U005526,2025-04-03,SKU007,Timberland Boots,Boots,1,149.99,0.0,149.99
T000512,S0024428,U005526,2025-04-03,SKU001,Nike Air Max,Sneakers,1,119.99,0.0,119.99
T000513,S0024431,U007079,2025-04-03,SKU006,Skechers Sport,Sports,1,59.99,0.0,59.99
T000514,S0024503,U007342,2025-04-03,SKU009,Converse Chuck Taylor,Casual,1,54.99,0.0,54.99
T000515,S0024716,U012333,2025-04-04,SKU004,Reebok Classic,Casual,1,69.99,0.0,69.99
T000516,S0024727,U001948,2025-04-04,SKU007,Timberland Boots,Boots,1,149.99,15.0,134.99
T000517,S0024738,U009228,2025-04-04,SKU007,Timberland Boots,Boots,1,149.99,15.0,134.99
T000518,S0024771,U004042,2025-04-04,SKU004,Reebok Classic,Casual,2,69.99,0.0,139.98
T000519,S0024771,U004042,2025-04-04,SKU010,Nike Pegasus,Running,2,129.99,0.0,259.98
T000520,S0024837,U005685,2025-04-04,SKU001,Nike Air Max,Sneakers,1,119.99,0.0,119.99
T000521,S0024900,U002719,2025-04-05,SKU001,Nike Air Max,Sneakers,1,119.99,0.0,119.99
T000522,S0024900,U002719,2025-04-05,SKU007,Timberland Boots,Boots,1,149.99,0.0,149.99
T000523,S0024900,U002719,2025-04-05,SKU009,Converse Chuck Taylor,Casual,1,54.99,5.5,49.49
T000524,S0025021,U010405,2025-04-05,SKU009,Converse Chuck Taylor,Casual,1,54.99,0.0,54.99
T000525,S0025154,U012175,2025-04-06,SKU002,Adidas Ultraboost,Running,1,179.99,0.0,179.99
T000526,S0025154,U012175,2025-04-06,SKU009,Converse Chuck Taylor,Casual,1,54.99,0.0,54.99
T000527,S0025154,U012175,2025-04-06,SKU001,Nike Air Max,Sneakers,2,119.99,0.0,239.98
T000528,S0025175,U012715,2025-04-06,SKU009,Converse Chuck Taylor,Casual,1,54.99,0.0,54.99
T000529,S0025184,U006537,2025-04-06,SKU010,Nike Pegasus,Running,1,129.99,0.0,129.99
T000530,S0025206,U001165,2025-04-06,SKU004,Reebok Classic,Casual,1,69.99,0.0,69.99
T000531,S0025206,U001165,2025-04-06,SKU010,Nike Pegasus,Running,1,129.99,13.0,116.99
T000532,S0025270,U006929,2025-04-06,SKU003,Puma Suede,Casual,1,79.99,0.0,79.99
T000533,S0025270,U006929,2025-04-06,SKU010,Nike Pegasus,Running,1,129.99,0.0,129.99
T000534,S0025280,U001881,2025-04-06,SKU004,Reebok Classic,Casual,1,69.99,7.0,62.99
T000535,S0025349,U014171,2025-04-07,SKU007,Timberland Boots,Boots,1,149.99,0.0,149.99
T000536,S0025372,U004435,2025-04-07,SKU008,Vans Old Skool,Casual,1,64.99,9.75,55.24
T000537,S0025374,U006983,2025-04-07,SKU010,Nike Pegasus,Running,1,129.99,0.0,129.99
T000538,S0025456,U002552,2025-04-07,SKU002,Adidas Ultraboost,Running,1,179.99,27.0,152.99
T000539,S0025493,U002594,2025-04-07,SKU001,Nike Air Max,Sneakers,2,119.99,0.0,239.98
T000540,S0025493,U002594,2025-04-07,SKU004,Reebok Classic,Casual,1,69.99,0.0,69.99
T000541,S0025493,U002594,2025-04-07,SKU002,Adidas Ultraboost,Running,1,179.99,0.0,179.99
T000542,S0025604,U005185,2025-04-07,SKU007,Timberland Boots,Boots,1,149.99,0.0,149.99
T000543,S0025606,U005095,2025-04-07,SKU003,Puma Suede,Casual,1,79.99,0.0,79.99
T000544,S0025606,U005095,2025-04-07,SKU001,Nike Air Max,Sneakers,1,119.99,0.0,119.99
T000545,S0025684,U002371,2025-04-08,SKU007,Timberland Boots,Boots,1,149.99,0.0,149.99
T000546,S0025684,U002371,2025-04-08,SKU004,Reebok Classic,Casual,2,69.99,0.0,139.98
T000547,S0025788,U000498,2025-04-08,SKU004,Reebok Classic,Casual,2,69.99,0.0,139.98
T000548,S0025788,U000498,2025-04-08,SKU006,Skechers Sport,Sports,2,59.99,0.0,119.98
T000549,S0025788,U000498,2025-04-08,SKU007,Timberland Boots,Boots,1,149.99,0.0,149.99
T000550,S0025836,U010310,2025-04-08,SKU008,Vans Old Skool,Casual,1,64.99,6.5,58.49
T000551,S0025836,U010310,2025-04-08,SKU004,Reebok Classic,Casual,1,69.99,14.0,55.99
T000552,S0025915,U008624,2025-04-08,SKU004,Reebok Classic,Casual,1,69.99,0.0,69.99
T000553,S0025915,U008624,2025-04-08,SKU003,Puma Suede,Casual,3,79.99,0.0,239.97
T000554,S0025915,U008624,2025-04-08,SKU005,New Balance 574,Sneakers,1,99.99,10.0,89.99
T000555,S0025987,U006587,2025-04-09,SKU009,Converse Chuck Taylor,Casual,1,54.99,0.0,54.99
T000556,S0025997,U014396,2025-04-09,SKU010,Nike Pegasus,Running,1,129.99,0.0,129.99
T000557,S0026025,U013278,2025-04-09,SKU009,Converse Chuck Taylor,Casual,1,54.99,0.0,54.99
T000558,S0026025,U013278,2025-04-09,SKU006,Skechers Sport,Sports,1,59.99,0.0,59.99
T000559,S0026122,U006661,2025-04-09,SKU010,Nike Pegasus,Running,2,129.99,0.0,259.98
T000560,S0026122,U006661,2025-04-09,SKU002,Adidas Ultraboost,Running,1,179.99,18.0,161.99
T000561,S0026309,U012911,2025-04-10,SKU002,Adidas Ultraboost,Running,1,179.99,18.0,161.99
T000562,S0026309,U012911,2025-04-10,SKU004,Reebok Classic,Casual,2,69.99,0.0,139.98
T000563,S0026309,U012911,2025-04-10,SKU006,Skechers Sport,Sports,2,59.99,0.0,119.98
T000564,S0026405,U001447,2025-04-10,SKU003,Puma Suede,Casual,1,79.99,0.0,79.99
T000565,S0026405,U001447,2025-04-10,SKU006,Skechers Sport,Sports,1,59.99,0.0,59.99
T000566,S0026636,U014172,2025-04-11,SKU010,Nike Pegasus,Running,1,129.99,0.0,129.99
T000567,S0026636,U014172,2025-04-11,SKU001,Nike Air Max,Sneakers,2,119.99,0.0,239.98
T000568,S0026691,U010522,2025-04-11,SKU007,Timberland Boots,Boots,1,149.99,0.0,149.99
T000569,S0026796,U005920,2025-04-12,SKU005,New Balance 574,Sneakers,1,99.99,0.0,99.99
T000570,S0026861,U013345,2025-04-12,SKU003,Puma Suede,Casual,2,79.99,16.0,143.98
T000571,S0026861,U013345,2025-04-12,SKU008,Vans Old Skool,Casual,3,64.99,0.0,194.97
T000572,S0026861,U013345,2025-04-12,SKU005,New Balance 574,Sneakers,1,99.99,0.0,99.99
T000573,S0026891,U014667,2025-04-12,SKU002,Adidas Ultraboost,Running,1,179.99,0.0,179.99
T000574,S0026891,U014667,2025-04-12,SKU010,Nike Pegasus,Running,1,129.99,0.0,129.99
T000575,S0026891,U014667,2025-04-12,SKU001,Nike Air Max,Sneakers,1,119.99,0.0,119.99
T000576,S0026900,U000343,2025-04-12,SKU007,Timberland Boots,Boots,1,149.99,0.0,149.99
T000577,S0026900,U000343,2025-04-12,SKU009,Converse Chuck Taylor,Casual,1,54.99,0.0,54.99
T000578,S0026900,U000343,2025-04-12,SKU010,Nike Pegasus,Running,2,129.99,0.0,259.98
T000579,S0026900,U000343,2025-04-12,SKU005,New Balance 574,Sneakers,1,99.99,0.0,99.99
T000580,S0027071,U001121,2025-04-13,SKU009,Converse Chuck Taylor,Casual,2,54.99,0.0,109.98
T000581,S0027100,U001433,2025-04-13,SKU005,New Balance 574,Sneakers,1,99.99,0.0,99.99
T000582,S0027100,U001433,2025-04-13,SKU010,Nike Pegasus,Running,1,129.99,0.0,129.99
T000583,S0027143,U003135,2025-04-13,SKU002,Adidas Ultraboost,Running,1,179.99,0.0,179.99
T000584,S0027152,U014809,2025-04-13,SKU003,Puma Suede,Casual,2,79.99,0.0,159.98
T000585,S0027152,U014809,2025-04-13,SKU001,Nike Air Max,Sneakers,1,119.99,12.0,107.99
T000586,S0027152,U014809,2025-04-13,SKU004,Reebok Classic,Casual,2,69.99,0.0,139.98
T000587,S0027348,U001929,2025-04-14,SKU008,Vans Old Skool,Casual,1,64.99,6.5,58.49
T000588,S0027348,U001929,2025-04-14,SKU006,Skechers Sport,Sports,1,59.99,0.0,59.99
T000589,S0027678,U010477,2025-04-15,SKU008,Vans Old Skool,Casual,1,64.99,9.75,55.24
T000590,S0027747,U002537,2025-04-15,SKU002,Adidas Ultraboost,Running,2,179.99,36.0,323.98
T000591,S0027747,U002537,2025-04-15,SKU009,Converse Chuck Taylor,Casual,1,54.99,0.0,54.99
T000592,S0027762,U012517,2025-04-15,SKU006,Skechers Sport,Sports,1,59.99,0.0,59.99
T000593,S0027782,U005526,2025-04-15,SKU010,Nike Pegasus,Running,1,129.99,26.0,103.99
T000594,S0027790,U004570,2025-04-15,SKU010,Nike Pegasus,Running,1,129.99,0.0,129.99
T000595,S0027831,U010727,2025-04-16,SKU003,Puma Suede,Casual,1,79.99,12.0,67.99
T000596,S0027831,U010727,2025-04-16,SKU006,Skechers Sport,Sports,1,59.99,0.0,59.99
T000597,S0027847,U005102,2025-04-16,SKU007,Timberland Boots,Boots,1,149.99,0.0,149.99
T000598,S0027894,U011375,2025-04-16,SKU006,Skechers Sport,Sports,1,59.99,0.0,59.99
T000599,S0027894,U011375,2025-04-16,SKU002,Adidas Ultraboost,Running,1,179.99,0.0,179.99
T000600,S0027902,U008358,2025-04-16,SKU009,Converse Chuck Taylor,Casual,2,54.99,0.0,109.98
T000601,S0027906,U008808,2025-04-16,SKU001,Nike Air Max,Sneakers,1,119.99,0.0,119.99
T000602,S0027906,U008808,2025-04-16,SKU007,Timberland Boots,Boots,2,149.99,30.0,269.98
T000603,S0027959,U004783,2025-04-16,SKU006,Skechers Sport,Sports,1,59.99,9.0,50.99
T000604,S0027959,U004783,2025-04-16,SKU001,Nike Air Max,Sneakers,1,119.99,12.0,107.99
T000605,S0028310,U004358,2025-04-17,SKU005,New Balance 574,Sneakers,1,99.99,0.0,99.99
T000606,S0028428,U008470,2025-04-17,SKU004,Reebok Classic,Casual,1,69.99,0.0,69.99
T000607,S0028428,U008470,2025-04-17,SKU007,Timberland Boots,Boots,1,149.99,0.0,149.99
T000608,S0028428,U008470,2025-04-17,SKU009,Converse Chuck Taylor,Casual,1,54.99,0.0,54.99
T000609,S0028442,U009237,2025-04-18,SKU005,New Balance 574,Sneakers,1,99.99,0.0,99.99
T000610,S0028588,U003826,2025-04-18,SKU006,Skechers Sport,Sports,1,59.99,0.0,59.99
T000611,S0028588,U003826,2025-04-18,SKU005,New Balance 574,Sneakers,1,99.99,20.0,79.99
T000612,S0028601,U012023,2025-04-18,SKU005,New Balance 574,Sneakers,1,99.99,0.0,99.99
T000613,S0028601,U012023,2025-04-18,SKU010,Nike Pegasus,Running,2,129.99,0.0,259.98
T000614,S0028605,U001664,2025-04-18,SKU003,Puma Suede,Casual,1,79.99,12.0,67.99
T000615,S0028689,U009169,2025-04-18,SKU009,Converse Chuck Taylor,Casual,2,54.99,0.0,109.98
T000616,S0028699,U001242,2025-04-18,SKU006,Skechers Sport,Sports,1,59.99,0.0,59.99
T000617,S0028826,U014419,2025-04-19,SKU005,New Balance 574,Sneakers,2,99.99,0.0,199.98
T000618,S0028826,U014419,2025-04-19,SKU006,Skechers Sport,Sports,1,59.99,0.0,59.99
T000619,S0029234,U005629,2025-04-21,SKU004,Reebok Classic,Casual,1,69.99,7.0,62.99
T000620,S0029360,U007655,2025-04-21,SKU004,Reebok Classic,Casual,2,69.99,0.0,139.98
T000621,S0029422,U008294,2025-04-22,SKU005,New Balance 574,Sneakers,1,99.99,0.0,99.99
T000622,S0029422,U008294,2025-04-22,SKU010,Nike Pegasus,Running,1,129.99,0.0,129.99
T000623,S0029555,U012254,2025-04-22,SKU007,Timberland Boots,Boots,2,149.99,0.0,299.98
T000624,S0029555,U012254,2025-04-22,SKU003,Puma Suede,Casual,1,79.99,12.0,67.99
T000625,S0029607,U011889,2025-04-22,SKU002,Adidas Ultraboost,Running,1,179.99,18.0,161.99
T000626,S0029641,U008514,2025-04-22,SKU008,Vans Old Skool,Casual,1,64.99,0.0,64.99
T000627,S0029650,U009450,2025-04-22,SKU008,Vans Old Skool,Casual,1,64.99,13.0,51.99
T000628,S0029650,U009450,2025-04-22,SKU010,Nike Pegasus,Running,1,129.99,0.0,129.99
T000629,S0029678,U007659,2025-04-22,SKU010,Nike Pegasus,Running,1,129.99,0.0,129.99
T000630,S0029681,U012246,2025-04-22,SKU001,Nike Air Max,Sneakers,1,119.99,0.0,119.99
T000631,S0029690,U005010,2025-04-22,SKU001,Nike Air Max,Sneakers,1,119.99,0.0,119.99
T000632,S0029791,U013691,2025-04-23,SKU005,New Balance 574,Sneakers,1,99.99,0.0,99.99
T000633,S0029791,U013691,2025-04-23,SKU008,Vans Old Skool,Casual,1,64.99,6.5,58.49
T000634,S0029791,U013691,2025-04-23,SKU007,Timberland Boots,Boots,1,149.99,0.0,149.99
T000635,S0029795,U014872,2025-04-23,SKU004,Reebok Classic,Casual,3,69.99,0.0,209.97
T000636,S0029882,U010792,2025-04-23,SKU010,Nike Pegasus,Running,1,129.99,0.0,129.99
T000637,S0029882,U010792,2025-04-23,SKU005,New Balance 574,Sneakers,1,99.99,0.0,99.99
T000638,S0029882,U010792,2025-04-23,SKU001,Nike Air Max,Sneakers,3,119.99,0.0,359.97
T000639,S0030301,U012044,2025-04-24,SKU008,Vans Old Skool,Casual,1,64.99,0.0,64.99
T000640,S0030350,U007128,2025-04-24,SKU005,New Balance 574,Sneakers,3,99.99,0.0,299.97
T000641,S0030356,U003566,2025-04-24,SKU010,Nike Pegasus,Running,1,129.99,0.0,129.99
T000642,S0030356,U003566,2025-04-24,SKU002,Adidas Ultraboost,Running,1,179.99,0.0,179.99
T000643,S0030356,U003566,2025-04-24,SKU006,Skechers Sport,Sports,1,59.99,0.0,59.99
T000644,S0030376,U000696,2025-04-24,SKU007,Timberland Boots,Boots,2,149.99,0.0,299.98
T000645,S0030391,U013680,2025-04-24,SKU010,Nike Pegasus,Running,2,129.99,0.0,259.98
T000646,S0030391,U013680,2025-04-24,SKU002,Adidas Ultraboost,Running,1,179.99,0.0,179.99
T000647,S0030391,U013680,2025-04-24,SKU003,Puma Suede,Casual,1,79.99,0.0,79.99
T000648,S0030391,U013680,2025-04-24,SKU009,Converse Chuck Taylor,Casual,1,54.99,0.0,54.99
T000649,S0030535,U014277,2025-04-25,SKU010,Nike Pegasus,Running,1,129.99,0.0,129.99
T000650,S0030611,U005563,2025-04-25,SKU003,Puma Suede,Casual,1,79.99,0.0,79.99
T000651,S0030611,U005563,2025-04-25,SKU010,Nike Pegasus,Running,1,129.99,19.5,110.49
T000652,S0030634,U000363,2025-04-25,SKU007,Timberland Boots,Boots,1,149.99,0.0,149.99
T000653,S0030640,U008094,2025-04-25,SKU001,Nike Air Max,Sneakers,1,119.99,12.0,107.99
T000654,S0030713,U013751,2025-04-25,SKU001,Nike Air Max,Sneakers,1,119.99,0.0,119.99
T000655,S0030713,U013751,2025-04-25,SKU008,Vans Old Skool,Casual,2,64.99,13.0,116.98
T000656,S0030735,U002477,2025-04-26,SKU009,Converse Chuck Taylor,Casual,1,54.99,5.5,49.49
T000657,S0030888,U001728,2025-04-26,SKU007,Timberland Boots,Boots,1,149.99,0.0,149.99
T000658,S0031051,U002676,2025-04-27,SKU009,Converse Chuck Taylor,Casual,2,54.99,0.0,109.98
T000659,S0031052,U002456,2025-04-27,SKU002,Adidas Ultraboost,Running,1,179.99,0.0,179.99
T000660,S0031115,U010911,2025-04-27,SKU005,New Balance 574,Sneakers,2,99.99,0.0,199.98
T000661,S0031115,U010911,2025-04-27,SKU006,Skechers Sport,Sports,1,59.99,9.0,50.99
T000662,S0031305,U002383,2025-04-28,SKU008,Vans Old Skool,Casual,1,64.99,0.0,64.99
T000663,S0031305,U002383,2025-04-28,SKU007,Timberland Boots,Boots,1,149.99,0.0,149.99
T000664,S0031409,U002880,2025-04-28,SKU002,Adidas Ultraboost,Running,1,179.99,0.0,179.99
T000665,S0031442,U006791,2025-04-28,SKU003,Puma Suede,Casual,1,79.99,0.0,79.99
T000666,S0031442,U006791,2025-04-28,SKU010,Nike Pegasus,Running,1,129.99,0.0,129.99
T000667,S0031467,U012262,2025-04-28,SKU010,Nike Pegasus,Running,1,129.99,0.0,129.99
T000668,S0031503,U007881,2025-04-29,SKU009,Converse Chuck Taylor,Casual,2,54.99,0.0,109.98
T000669,S0031522,U001442,2025-04-29,SKU009,Converse Chuck Taylor,Casual,1,54.99,0.0,54.99
T000670,S0031522,U001442,2025-04-29,SKU002,Adidas Ultraboost,Running,1,179.99,27.0,152.99
T000671,S0031591,U000251,2025-04-29,SKU007,Timberland Boots,Boots,1,149.99,0.0,149.99
T000672,S0031591,U000251,2025-04-29,SKU002,Adidas Ultraboost,Running,1,179.99,18.0,161.99
T000673,S0031591,U000251,2025-04-29,SKU010,Nike Pegasus,Running,1,129.99,13.0,116.99
T000674,S0031639,U011785,2025-04-29,SKU005,New Balance 574,Sneakers,3,99.99,0.0,299.97
T000675,S0031644,U007545,2025-04-29,SKU009,Converse Chuck Taylor,Casual,1,54.99,8.25,46.74
T000676,S0031892,U013040,2025-04-30,SKU004,Reebok Classic,Casual,1,69.99,0.0,69.99
T000677,S0031951,U011051,2025-04-30,SKU008,Vans Old Skool,Casual,1,64.99,0.0,64.99
T000678,S0031983,U014770,2025-04-30,SKU001,Nike Air Max,Sneakers,3,119.99,54.0,305.97
T000679,S0032170,U014026,2025-04-30,SKU009,Converse Chuck Taylor,Casual,2,54.99,0.0,109.98
T000680,S0032170,U014026,2025-04-30,SKU003,Puma Suede,Casual,3,79.99,0.0,239.97
T000681,S0032176,U010418,2025-04-30,SKU004,Reebok Classic,Casual,2,69.99,0.0,139.98
T000682,S0032302,U014933,2025-05-01,SKU007,Timberland Boots,Boots,2,149.99,0.0,299.98
T000683,S0032302,U014933,2025-05-01,SKU003,Puma Suede,Casual,1,79.99,0.0,79.99
T000684,S0032454,U007704,2025-05-01,SKU003,Puma Suede,Casual,2,79.99,0.0,159.98
T000685,S0032656,U001975,2025-05-02,SKU003,Puma Suede,Casual,1,79.99,12.0,67.99
T000686,S0032656,U001975,2025-05-02,SKU006,Skechers Sport,Sports,1,59.99,6.0,53.99
T000687,S0032878,U011070,2025-05-03,SKU010,Nike Pegasus,Running,1,129.99,13.0,116.99
T000688,S0032878,U011070,2025-05-03,SKU005,New Balance 574,Sneakers,1,99.99,0.0,99.99
T000689,S0033004,U009106,2025-05-03,SKU009,Converse Chuck Taylor,Casual,1,54.99,5.5,49.49
T000690,S0033007,U002549,2025-05-03,SKU007,Timberland Boots,Boots,1,149.99,15.0,134.99
T000691,S0033033,U014483,2025-05-03,SKU009,Converse Chuck Taylor,Casual,1,54.99,0.0,54.99
T000692,S0033033,U014483,2025-05-03,SKU003,Puma Suede,Casual,1,79.99,0.0,79.99
T000693,S0033073,U009370,2025-05-04,SKU006,Skechers Sport,Sports,1,59.99,0.0,59.99
T000694,S0033073,U009370,2025-05-04,SKU003,Puma Suede,Casual,1,79.99,0.0,79.99
T000695,S0033073,U009370,2025-05-04,SKU004,Reebok Classic,Casual,1,69.99,10.5,59.49
T000696,S0033073,U009370,2025-05-04,SKU002,Adidas Ultraboost,Running,3,179.99,0.0,539.97
T000697,S0033237,U007110,2025-05-04,SKU007,Timberland Boots,Boots,1,149.99,0.0,149.99
T000698,S0033375,U004359,2025-05-05,SKU001,Nike Air Max,Sneakers,1,119.99,0.0,119.99
T000699,S0033375,U004359,2025-05-05,SKU004,Reebok Classic,Casual,1,69.99,0.0,69.99
T000700,S0033417,U009307,2025-05-05,SKU001,Nike Air Max,Sneakers,1,119.99,0.0,119.99
T000701,S0033449,U012939,2025-05-05,SKU006,Skechers Sport,Sports,1,59.99,0.0,59.99
T000702,S0033449,U012939,2025-05-05,SKU002,Adidas Ultraboost,Running,1,179.99,0.0,179.99
T000703,S0033449,U012939,2025-05-05,SKU009,Converse Chuck Taylor,Casual,2,54.99,0.0,109.98
T000704,S0033626,U003973,2025-05-06,SKU002,Adidas Ultraboost,Running,1,179.99,27.0,152.99
T000705,S0033626,U003973,2025-05-06,SKU001,Nike Air Max,Sneakers,1,119.99,18.0,101.99
T000706,S0033626,U003973,2025-05-06,SKU008,Vans Old Skool,Casual,1,64.99,0.0,64.99
T000707,S0033677,U005209,2025-05-06,SKU009,Converse Chuck Taylor,Casual,1,54.99,5.5,49.49
T000708,S0033715,U010562,2025-05-06,SKU006,Skechers Sport,Sports,1,59.99,0.0,59.99
T000709,S0033907,U013525,2025-05-07,SKU010,Nike Pegasus,Running,1,129.99,0.0,129.99
T000710,S0033931,U008768,2025-05-07,SKU005,New Balance 574,Sneakers,3,99.99,30.0,269.97
T000711,S0033947,U004338,2025-05-07,SKU007,Timberland Boots,Boots,2,149.99,30.0,269.98
T000712,S0033978,U010258,2025-05-07,SKU004,Reebok Classic,Casual,1,69.99,0.0,69.99
T000713,S0033978,U010258,2025-05-07,SKU010,Nike Pegasus,Running,1,129.99,0.0,129.99
T000714,S0033978,U010258,2025-05-07,SKU003,Puma Suede,Casual,1,79.99,8.0,71.99
T000715,S0033978,U010258,2025-05-07,SKU005,New Balance 574,Sneakers,1,99.99,0.0,99.99
T000716,S0034029,U010443,2025-05-07,SKU002,Adidas Ultraboost,Running,1,179.99,27.0,152.99
T000717,S0034029,U010443,2025-05-07,SKU009,Converse Chuck Taylor,Casual,1,54.99,0.0,54.99
T000718,S0034029,U010443,2025-05-07,SKU001,Nike Air Max,Sneakers,2,119.99,0.0,239.98
T000719,S0034032,U012695,2025-05-07,SKU005,New Balance 574,Sneakers,1,99.99,0.0,99.99
T000720,S0034058,U012150,2025-05-07,SKU002,Adidas Ultraboost,Running,1,179.99,18.0,161.99
T000721,S0034058,U012150,2025-05-07,SKU007,Timberland Boots,Boots,2,149.99,0.0,299.98
T000722,S0034058,U012150,2025-05-07,SKU008,Vans Old Skool,Casual,1,64.99,0.0,64.99
T000723,S0034132,U006295,2025-05-07,SKU001,Nike Air Max,Sneakers,1,119.99,0.0,119.99
T000724,S0034150,U003771,2025-05-07,SKU007,Timberland Boots,Boots,3,149.99,0.0,449.97
T000725,S0034215,U007375,2025-05-07,SKU002,Adidas Ultraboost,Running,1,179.99,27.0,152.99
T000726,S0034215,U007375,2025-05-07,SKU009,Converse Chuck Taylor,Casual,1,54.99,0.0,54.99
T000727,S0034288,U013860,2025-05-08,SKU005,New Balance 574,Sneakers,1,99.99,0.0,99.99
T000728,S0034288,U013860,2025-05-08,SKU008,Vans Old Skool,Casual,1,64.99,0.0,64.99
T000729,S0034298,U011898,2025-05-08,SKU009,Converse Chuck Taylor,Casual,1,54.99,0.0,54.99
T000730,S0034298,U011898,2025-05-08,SKU010,Nike Pegasus,Running,2,129.99,39.0,220.98
T000731,S0034354,U000449,2025-05-08,SKU008,Vans Old Skool,Casual,1,64.99,13.0,51.99
T000732,S0034477,U008557,2025-05-08,SKU008,Vans Old Skool,Casual,1,64.99,0.0,64.99
T000733,S0034538,U010702,2025-05-08,SKU005,New Balance 574,Sneakers,1,99.99,0.0,99.99
T000734,S0034538,U010702,2025-05-08,SKU002,Adidas Ultraboost,Running,1,179.99,0.0,179.99
T000735,S0034557,U005625,2025-05-08,SKU008,Vans Old Skool,Casual,1,64.99,9.75,55.24
T000736,S0034568,U013716,2025-05-08,SKU009,Converse Chuck Taylor,Casual,1,54.99,5.5,49.49
T000737,S0034568,U013716,2025-05-08,SKU010,Nike Pegasus,Running,1,129.99,0.0,129.99
T000738,S0034582,U008867,2025-05-09,SKU006,Skechers Sport,Sports,1,59.99,9.0,50.99
T000739,S0034582,U008867,2025-05-09,SKU003,Puma Suede,Casual,1,79.99,0.0,79.99
T000740,S0034582,U008867,2025-05-09,SKU009,Converse Chuck Taylor,Casual,1,54.99,8.25,46.74
T000741,S0034582,U008867,2025-05-09,SKU008,Vans Old Skool,Casual,1,64.99,9.75,55.24
T000742,S0034600,U001446,2025-05-09,SKU003,Puma Suede,Casual,1,79.99,0.0,79.99
T000743,S0034604,U007862,2025-05-09,SKU009,Converse Chuck Taylor,Casual,1,54.99,0.0,54.99
T000744,S0034632,U003438,2025-05-09,SKU002,Adidas Ultraboost,Running,1,179.99,0.0,179.99
T000745,S0034632,U003438,2025-05-09,SKU006,Skechers Sport,Sports,3,59.99,0.0,179.97
T000746,S0034759,U010052,2025-05-09,SKU003,Puma Suede,Casual,1,79.99,0.0,79.99
T000747,S0034890,U009213,2025-05-10,SKU005,New Balance 574,Sneakers,1,99.99,15.0,84.99
T000748,S0034890,U009213,2025-05-10,SKU008,Vans Old Skool,Casual,1,64.99,9.75,55.24
T000749,S0034890,U009213,2025-05-10,SKU010,Nike Pegasus,Running,1,129.99,19.5,110.49
T000750,S0034890,U009213,2025-05-10,SKU002,Adidas Ultraboost,Running,3,179.99,54.0,485.97
T000751,S0034957,U007147,2025-05-10,SKU010,Nike Pegasus,Running,2,129.99,0.0,259.98
T000752,S0034957,U007147,2025-05-10,SKU003,Puma Suede,Casual,3,79.99,47.99,191.98
T000753,S0035005,U014294,2025-05-10,SKU008,Vans Old Skool,Casual,1,64.99,0.0,64.99
T000754,S0035005,U014294,2025-05-10,SKU002,Adidas Ultraboost,Running,1,179.99,0.0,179.99
T000755,S0035008,U011593,2025-05-10,SKU007,Timberland Boots,Boots,1,149.99,15.0,134.99
T000756,S0035049,U007389,2025-05-10,SKU004,Reebok Classic,Casual,1,69.99,7.0,62.99
T000757,S0035049,U007389,2025-05-10,SKU003,Puma Suede,Casual,1,79.99,0.0,79.99
T000758,S0035049,U007389,2025-05-10,SKU007,Timberland Boots,Boots,1,149.99,0.0,149.99
T000759,S0035095,U010329,2025-05-11,SKU009,Converse Chuck Taylor,Casual,1,54.99,8.25,46.74
T000760,S0035095,U010329,2025-05-11,SKU005,New Balance 574,Sneakers,1,99.99,0.0,99.99
T000761,S0035152,U008815,2025-05-11,SKU010,Nike Pegasus,Running,2,129.99,39.0,220.98
T000762,S0035152,U008815,2025-05-11,SKU007,Timberland Boots,Boots,1,149.99,0.0,149.99
T000763,S0035152,U008815,2025-05-11,SKU006,Skechers Sport,Sports,1,59.99,0.0,59.99
T000764,S0035238,U009455,2025-05-11,SKU010,Nike Pegasus,Running,1,129.99,13.0,116.99
T000765,S0035317,U005972,2025-05-12,SKU007,Timberland Boots,Boots,1,149.99,0.0,149.99
T000766,S0035317,U005972,2025-05-12,SKU005,New Balance 574,Sneakers,3,99.99,30.0,269.97
T000767,S0035317,U005972,2025-05-12,SKU001,Nike Air Max,Sneakers,1,119.99,0.0,119.99
T000768,S0035337,U004827,2025-05-12,SKU001,Nike Air Max,Sneakers,1,119.99,24.0,95.99
T000769,S0035430,U006003,2025-05-12,SKU008,Vans Old Skool,Casual,1,64.99,0.0,64.99
T000770,S0035432,U006555,2025-05-12,SKU009,Converse Chuck Taylor,Casual,1,54.99,0.0,54.99
T000771,S0035432,U006555,2025-05-12,SKU010,Nike Pegasus,Running,2,129.99,39.0,220.98
T000772,S0035501,U000539,2025-05-12,SKU009,Converse Chuck Taylor,Casual,1,54.99,0.0,54.99
T000773,S0035532,U013574,2025-05-12,SKU005,New Balance 574,Sneakers,1,99.99,0.0,99.99
T000774,S0035545,U003777,2025-05-12,SKU005,New Balance 574,Sneakers,2,99.99,40.0,159.98
T000775,S0035581,U005531,2025-05-13,SKU009,Converse Chuck Taylor,Casual,1,54.99,0.0,54.99
T000776,S0035610,U009827,2025-05-13,SKU007,Timberland Boots,Boots,1,149.99,0.0,149.99
T000777,S0035618,U007093,2025-05-13,SKU003,Puma Suede,Casual,1,79.99,0.0,79.99
T000778,S0035632,U000516,2025-05-13,SKU002,Adidas Ultraboost,Running,1,179.99,36.0,143.99
T000779,S0035671,U009002,2025-05-13,SKU002,Adidas Ultraboost,Running,1,179.99,0.0,179.99
T000780,S0035671,U009002,2025-05-13,SKU006,Skechers Sport,Sports,1,59.99,12.0,47.99
T000781,S0035671,U009002,2025-05-13,SKU008,Vans Old Skool,Casual,1,64.99,9.75,55.24
T000782,S0035684,U014565,2025-05-13,SKU007,Timberland Boots,Boots,1,149.99,0.0,149.99
T000783,S0035698,U006154,2025-05-13,SKU009,Converse Chuck Taylor,Casual,1,54.99,0.0,54.99
T000784,S0035720,U014149,2025-05-13,SKU001,Nike Air Max,Sneakers,1,119.99,0.0,119.99
T000785,S0035720,U014149,2025-05-13,SKU007,Timberland Boots,Boots,1,149.99,15.0,134.99
T000786,S0035720,U014149,2025-05-13,SKU005,New Balance 574,Sneakers,1,99.99,0.0,99.99
T000787,S0035771,U002035,2025-05-13,SKU003,Puma Suede,Casual,1,79.99,0.0,79.99
T000788,S0035771,U002035,2025-05-13,SKU007,Timberland Boots,Boots,1,149.99,15.0,134.99
T000789,S0035798,U001970,2025-05-13,SKU003,Puma Suede,Casual,1,79.99,12.0,67.99
T000790,S0035845,U009913,2025-05-14,SKU006,Skechers Sport,Sports,1,59.99,9.0,50.99
T000791,S0035925,U010352,2025-05-14,SKU002,Adidas Ultraboost,Running,1,179.99,18.0,161.99
T000792,S0036052,U002309,2025-05-14,SKU007,Timberland Boots,Boots,1,149.99,0.0,149.99
T000793,S0036052,U002309,2025-05-14,SKU002,Adidas Ultraboost,Running,1,179.99,0.0,179.99
T000794,S0036130,U001227,2025-05-14,SKU004,Reebok Classic,Casual,1,69.99,0.0,69.99
T000795,S0036130,U001227,2025-05-14,SKU010,Nike Pegasus,Running,1,129.99,0.0,129.99
T000796,S0036130,U001227,2025-05-14,SKU001,Nike Air Max,Sneakers,1,119.99,0.0,119.99
T000797,S0036130,U001227,2025-05-14,SKU003,Puma Suede,Casual,1,79.99,0.0,79.99
T000798,S0036348,U012133,2025-05-15,SKU006,Skechers Sport,Sports,1,59.99,6.0,53.99
T000799,S0036356,U002299,2025-05-15,SKU009,Converse Chuck Taylor,Casual,1,54.99,0.0,54.99
T000800,S0036356,U002299,2025-05-15,SKU005,New Balance 574,Sneakers,1,99.99,10.0,89.99
T000801,S0036380,U003355,2025-05-15,SKU007,Timberland Boots,Boots,1,149.99,0.0,149.99
T000802,S0036486,U014061,2025-05-15,SKU008,Vans Old Skool,Casual,2,64.99,0.0,129.98
T000803,S0036486,U014061,2025-05-15,SKU003,Puma Suede,Casual,1,79.99,8.0,71.99
T000804,S0036486,U014061,2025-05-15,SKU009,Converse Chuck Taylor,Casual,1,54.99,0.0,54.99
T000805,S0036501,U000768,2025-05-15,SKU001,Nike Air Max,Sneakers,1,119.99,0.0,119.99
T000806,S0036501,U000768,2025-05-15,SKU005,New Balance 574,Sneakers,1,99.99,0.0,99.99
T000807,S0036886,U004553,2025-05-17,SKU003,Puma Suede,Casual,2,79.99,24.0,135.98
T000808,S0037002,U004137,2025-05-17,SKU002,Adidas Ultraboost,Running,1,179.99,0.0,179.99
T000809,S0037002,U004137,2025-05-17,SKU003,Puma Suede,Casual,1,79.99,0.0,79.99
T000810,S0037002,U004137,2025-05-17,SKU001,Nike Air Max,Sneakers,2,119.99,0.0,239.98
T000811,S0037043,U000709,2025-05-18,SKU004,Reebok Classic,Casual,1,69.99,10.5,59.49
T000812,S0037094,U004094,2025-05-18,SKU007,Timberland Boots,Boots,1,149.99,15.0,134.99
T000813,S0037094,U004094,2025-05-18,SKU006,Skechers Sport,Sports,1,59.99,0.0,59.99
T000814,S0037109,U010548,2025-05-18,SKU008,Vans Old Skool,Casual,1,64.99,0.0,64.99
T000815,S0037109,U010548,2025-05-18,SKU006,Skechers Sport,Sports,1,59.99,0.0,59.99
T000816,S0037250,U005824,2025-05-18,SKU010,Nike Pegasus,Running,1,129.99,26.0,103.99
T000817,S0037340,U003095,2025-05-19,SKU009,Converse Chuck Taylor,Casual,1,54.99,0.0,54.99
T000818,S0037340,U003095,2025-05-19,SKU001,Nike Air Max,Sneakers,1,119.99,0.0,119.99
T000819,S0037402,U005026,2025-05-19,SKU005,New Balance 574,Sneakers,1,99.99,0.0,99.99
T000820,S0037403,U011329,2025-05-19,SKU007,Timberland Boots,Boots,1,149.99,22.5,127.49
T000821,S0037416,U013837,2025-05-19,SKU005,New Balance 574,Sneakers,1,99.99,0.0,99.99
T000822,S0037557,U014192,2025-05-19,SKU010,Nike Pegasus,Running,3,129.99,39.0,350.97
T000823,S0037592,U000734,2025-05-20,SKU005,New Balance 574,Sneakers,1,99.99,20.0,79.99
T000824,S0037594,U000910,2025-05-20,SKU002,Adidas Ultraboost,Running,1,179.99,18.0,161.99
T000825,S0037594,U000910,2025-05-20,SKU010,Nike Pegasus,Running,1,129.99,0.0,129.99
T000826,S0037759,U012915,2025-05-20,SKU010,Nike Pegasus,Running,1,129.99,0.0,129.99
T000827,S0037765,U005939,2025-05-20,SKU002,Adidas Ultraboost,Running,1,179.99,36.0,143.99
T000828,S0037765,U005939,2025-05-20,SKU005,New Balance 574,Sneakers,1,99.99,15.0,84.99
T000829,S0037825,U010083,2025-05-20,SKU005,New Balance 574,Sneakers,1,99.99,10.0,89.99
T000830,S0037943,U012330,2025-05-21,SKU006,Skechers Sport,Sports,1,59.99,0.0,59.99
T000831,S0037943,U012330,2025-05-21,SKU007,Timberland Boots,Boots,1,149.99,0.0,149.99
T000832,S0038074,U000272,2025-05-21,SKU010,Nike Pegasus,Running,1,129.99,0.0,129.99
T000833,S0038176,U013238,2025-05-21,SKU006,Skechers Sport,Sports,1,59.99,0.0,59.99
T000834,S0038176,U013238,2025-05-21,SKU010,Nike Pegasus,Running,1,129.99,0.0,129.99
T000835,S0038176,U013238,2025-05-21,SKU002,Adidas Ultraboost,Running,1,179.99,18.0,161.99
T000836,S0038234,U010097,2025-05-21,SKU007,Timberland Boots,Boots,1,149.99,0.0,149.99
T000837,S0038234,U010097,2025-05-21,SKU010,Nike Pegasus,Running,1,129.99,0.0,129.99
T000838,S0038245,U007422,2025-05-21,SKU002,Adidas Ultraboost,Running,1,179.99,0.0,179.99
T000839,S0038249,U002754,2025-05-21,SKU008,Vans Old Skool,Casual,1,64.99,6.5,58.49
T000840,S0038393,U014358,2025-05-22,SKU006,Skechers Sport,Sports,1,59.99,6.0,53.99
T000841,S0038486,U003643,2025-05-22,SKU007,Timberland Boots,Boots,2,149.99,0.0,299.98
T000842,S0038486,U003643,2025-05-22,SKU008,Vans Old Skool,Casual,1,64.99,9.75,55.24
T000843,S0038558,U004830,2025-05-22,SKU001,Nike Air Max,Sneakers,1,119.99,0.0,119.99
T000844,S0038558,U004830,2025-05-22,SKU005,New Balance 574,Sneakers,1,99.99,15.0,84.99
T000845,S0038590,U007665,2025-05-22,SKU009,Converse Chuck Taylor,Casual,1,54.99,0.0,54.99
T000846,S0038630,U002525,2025-05-23,SKU009,Converse Chuck Taylor,Casual,1,54.99,0.0,54.99
T000847,S0038653,U002936,2025-05-23,SKU008,Vans Old Skool,Casual,1,64.99,0.0,64.99
T000848,S0038653,U002936,2025-05-23,SKU002,Adidas Ultraboost,Running,3,179.99,107.99,431.98
T000849,S0038734,U004224,2025-05-23,SKU005,New Balance 574,Sneakers,1,99.99,15.0,84.99
T000850,S0038770,U006074,2025-05-23,SKU006,Skechers Sport,Sports,1,59.99,0.0,59.99
T000851,S0038770,U006074,2025-05-23,SKU008,Vans Old Skool,Casual,2,64.99,19.5,110.48
T000852,S0038770,U006074,2025-05-23,SKU009,Converse Chuck Taylor,Casual,1,54.99,0.0,54.99
T000853,S0038890,U013720,2025-05-23,SKU001,Nike Air Max,Sneakers,1,119.99,0.0,119.99
T000854,S0038890,U013720,2025-05-23,SKU002,Adidas Ultraboost,Running,1,179.99,18.0,161.99
T000855,S0038890,U013720,2025-05-23,SKU003,Puma Suede,Casual,1,79.99,0.0,79.99
T000856,S0038890,U013720,2025-05-23,SKU004,Reebok Classic,Casual,1,69.99,7.0,62.99
T000857,S0038898,U006315,2025-05-23,SKU009,Converse Chuck Taylor,Casual,1,54.99,0.0,54.99
T000858,S0039095,U008380,2025-05-24,SKU008,Vans Old Skool,Casual,1,64.99,0.0,64.99
T000859,S0039095,U008380,2025-05-24,SKU003,Puma Suede,Casual,1,79.99,0.0,79.99
T000860,S0039095,U008380,2025-05-24,SKU006,Skechers Sport,Sports,1,59.99,0.0,59.99
T000861,S0039095,U008380,2025-05-24,SKU007,Timberland Boots,Boots,1,149.99,22.5,127.49
T000862,S0039108,U009470,2025-05-24,SKU004,Reebok Classic,Casual,1,69.99,0.0,69.99
T000863,S0039108,U009470,2025-05-24,SKU003,Puma Suede,Casual,2,79.99,0.0,159.98
T000864,S0039254,U013142,2025-05-25,SKU003,Puma Suede,Casual,2,79.99,0.0,159.98
T000865,S0039254,U013142,2025-05-25,SKU005,New Balance 574,Sneakers,2,99.99,30.0,169.98
T000866,S0039405,U012621,2025-05-26,SKU005,New Balance 574,Sneakers,1,99.99,0.0,99.99
T000867,S0039474,U010766,2025-05-26,SKU004,Reebok Classic,Casual,1,69.99,0.0,69.99
T000868,S0039512,U002329,2025-05-26,SKU001,Nike Air Max,Sneakers,1,119.99,0.0,119.99
T000869,S0039627,U001322,2025-05-27,SKU007,Timberland Boots,Boots,1,149.99,0.0,149.99
T000870,S0039627,U001322,2025-05-27,SKU005,New Balance 574,Sneakers,1,99.99,0.0,99.99
T000871,S0039948,U014502,2025-05-27,SKU006,Skechers Sport,Sports,1,59.99,6.0,53.99
T000872,S0039960,U011962,2025-05-28,SKU010,Nike Pegasus,Running,1,129.99,13.0,116.99
T000873,S0039960,U011962,2025-05-28,SKU005,New Balance 574,Sneakers,1,99.99,0.0,99.99
T000874,S0039960,U011962,2025-05-28,SKU008,Vans Old Skool,Casual,1,64.99,0.0,64.99
T000875,S0040027,U012980,2025-05-28,SKU008,Vans Old Skool,Casual,1,64.99,6.5,58.49
T000876,S0040045,U014846,2025-05-28,SKU005,New Balance 574,Sneakers,1,99.99,10.0,89.99
T000877,S0040054,U005481,2025-05-28,SKU010,Nike Pegasus,Running,2,129.99,0.0,259.98
T000878,S0040118,U003002,2025-05-28,SKU004,Reebok Classic,Casual,1,69.99,0.0,69.99
T000879,S0040118,U003002,2025-05-28,SKU008,Vans Old Skool,Casual,1,64.99,6.5,58.49
T000880,S0040143,U010056,2025-05-28,SKU005,New Balance 574,Sneakers,3,99.99,0.0,299.97
T000881,S0040153,U012926,2025-05-28,SKU010,Nike Pegasus,Running,1,129.99,0.0,129.99
T000882,S0040218,U006186,2025-05-28,SKU007,Timberland Boots,Boots,1,149.99,15.0,134.99
T000883,S0040291,U003462,2025-05-29,SKU003,Puma Suede,Casual,1,79.99,16.0,63.99
T000884,S0040458,U002702,2025-05-29,SKU001,Nike Air Max,Sneakers,1,119.99,24.0,95.99
T000885,S0040468,U013210,2025-05-29,SKU008,Vans Old Skool,Casual,1,64.99,6.5,58.49
T000886,S0040512,U011411,2025-05-29,SKU007,Timberland Boots,Boots,1,149.99,0.0,149.99
T000887,S0040562,U007105,2025-05-29,SKU003,Puma Suede,Casual,1,79.99,8.0,71.99
T000888,S0040562,U007105,2025-05-29,SKU004,Reebok Classic,Casual,3,69.99,0.0,209.97
T000889,S0040599,U010149,2025-05-30,SKU005,New Balance 574,Sneakers,1,99.99,0.0,99.99
T000890,S0040664,U009652,2025-05-30,SKU009,Converse Chuck Taylor,Casual,1,54.99,5.5,49.49
T000891,S0040717,U000315,2025-05-30,SKU007,Timberland Boots,Boots,1,149.99,0.0,149.99
T000892,S0040717,U000315,2025-05-30,SKU006,Skechers Sport,Sports,1,59.99,0.0,59.99
T000893,S0040822,U013637,2025-05-30,SKU010,Nike Pegasus,Running,1,129.99,0.0,129.99
T000894,S0040822,U013637,2025-05-30,SKU006,Skechers Sport,Sports,2,59.99,0.0,119.98
T000895,S0040822,U013637,2025-05-30,SKU001,Nike Air Max,Sneakers,1,119.99,0.0,119.99
T000896,S0040822,U013637,2025-05-30,SKU007,Timberland Boots,Boots,2,149.99,0.0,299.98
T000897,S0040981,U013277,2025-05-31,SKU003,Puma Suede,Casual,1,79.99,8.0,71.99
T000898,S0041036,U005501,2025-05-31,SKU008,Vans Old Skool,Casual,1,64.99,6.5,58.49
T000899,S0041206,U014466,2025-06-01,SKU006,Skechers Sport,Sports,1,59.99,0.0,59.99
T000900,S0041262,U003289,2025-06-01,SKU004,Reebok Classic,Casual,1,69.99,0.0,69.99
T000901,S0041267,U004562,2025-06-01,SKU002,Adidas Ultraboost,Running,1,179.99,0.0,179.99
T000902,S0041277,U010997,2025-06-01,SKU008,Vans Old Skool,Casual,1,64.99,0.0,64.99
T000903,S0041277,U010997,2025-06-01,SKU001,Nike Air Max,Sneakers,1,119.99,0.0,119.99
T000904,S0041518,U000017,2025-06-02,SKU002,Adidas Ultraboost,Running,1,179.99,0.0,179.99
T000905,S0041709,U005163,2025-06-03,SKU008,Vans Old Skool,Casual,3,64.99,0.0,194.97
T000906,S0041710,U012969,2025-06-03,SKU010,Nike Pegasus,Running,3,129.99,58.5,331.47
T000907,S0041775,U008662,2025-06-03,SKU006,Skechers Sport,Sports,1,59.99,0.0,59.99
T000908,S0041880,U009961,2025-06-03,SKU002,Adidas Ultraboost,Running,2,179.99,0.0,359.98
T000909,S0041951,U014551,2025-06-04,SKU006,Skechers Sport,Sports,2,59.99,12.0,107.98
T000910,S0042018,U007815,2025-06-04,SKU002,Adidas Ultraboost,Running,1,179.99,0.0,179.99
T000911,S0042241,U010143,2025-06-04,SKU009,Converse Chuck Taylor,Casual,1,54.99,0.0,54.99
T000912,S0042385,U012553,2025-06-05,SKU003,Puma Suede,Casual,1,79.99,16.0,63.99
T000913,S0042385,U012553,2025-06-05,SKU005,New Balance 574,Sneakers,1,99.99,0.0,99.99
T000914,S0042813,U003402,2025-06-06,SKU005,New Balance 574,Sneakers,1,99.99,0.0,99.99
T000915,S0042813,U003402,2025-06-06,SKU003,Puma Suede,Casual,1,79.99,12.0,67.99
T000916,S0042823,U000148,2025-06-06,SKU010,Nike Pegasus,Running,1,129.99,19.5,110.49
T000917,S0042823,U000148,2025-06-06,SKU004,Reebok Classic,Casual,1,69.99,0.0,69.99
T000918,S0042863,U014887,2025-06-06,SKU010,Nike Pegasus,Running,1,129.99,26.0,103.99
T000919,S0042863,U014887,2025-06-06,SKU001,Nike Air Max,Sneakers,1,119.99,0.0,119.99
T000920,S0042888,U011901,2025-06-06,SKU005,New Balance 574,Sneakers,1,99.99,0.0,99.99
T000921,S0042924,U008534,2025-06-06,SKU010,Nike Pegasus,Running,1,129.99,0.0,129.99
T000922,S0043023,U010356,2025-06-07,SKU009,Converse Chuck Taylor,Casual,3,54.99,16.5,148.47
T000923,S0043137,U014712,2025-06-07,SKU008,Vans Old Skool,Casual,1,64.99,0.0,64.99
T000924,S0043137,U014712,2025-06-07,SKU004,Reebok Classic,Casual,1,69.99,10.5,59.49
T000925,S0043179,U011544,2025-06-07,SKU009,Converse Chuck Taylor,Casual,1,54.99,0.0,54.99
T000926,S0043203,U001217,2025-06-08,SKU009,Converse Chuck Taylor,Casual,1,54.99,5.5,49.49
T000927,S0043203,U001217,2025-06-08,SKU010,Nike Pegasus,Running,1,129.99,26.0,103.99
T000928,S0043220,U000194,2025-06-08,SKU010,Nike Pegasus,Running,1,129.99,0.0,129.99
T000929,S0043267,U005752,2025-06-08,SKU010,Nike Pegasus,Running,1,129.99,13.0,116.99
T000930,S0043327,U006056,2025-06-08,SKU005,New Balance 574,Sneakers,1,99.99,0.0,99.99
T000931,S0043732,U006795,2025-06-09,SKU004,Reebok Classic,Casual,1,69.99,0.0,69.99
T000932,S0043732,U006795,2025-06-09,SKU005,New Balance 574,Sneakers,1,99.99,0.0,99.99
T000933,S0043732,U006795,2025-06-09,SKU010,Nike Pegasus,Running,2,129.99,39.0,220.98
T000934,S0044125,U007954,2025-06-11,SKU003,Puma Suede,Casual,1,79.99,0.0,79.99
T000935,S0044129,U006602,2025-06-11,SKU009,Converse Chuck Taylor,Casual,1,54.99,0.0,54.99
T000936,S0044143,U010051,2025-06-11,SKU001,Nike Air Max,Sneakers,1,119.99,18.0,101.99
T000937,S0044143,U010051,2025-06-11,SKU010,Nike Pegasus,Running,1,129.99,0.0,129.99
T000938,S0044185,U000174,2025-06-11,SKU005,New Balance 574,Sneakers,2,99.99,0.0,199.98
T000939,S0044248,U010027,2025-06-11,SKU007,Timberland Boots,Boots,1,149.99,22.5,127.49
T000940,S0044248,U010027,2025-06-11,SKU004,Reebok Classic,Casual,1,69.99,0.0,69.99
T000941,S0044248,U010027,2025-06-11,SKU008,Vans Old Skool,Casual,2,64.99,0.0,129.98
T000942,S0044248,U010027,2025-06-11,SKU002,Adidas Ultraboost,Running,1,179.99,0.0,179.99
T000943,S0044310,U011522,2025-06-11,SKU007,Timberland Boots,Boots,1,149.99,22.5,127.49
T000944,S0044310,U011522,2025-06-11,SKU010,Nike Pegasus,Running,1,129.99,0.0,129.99
T000945,S0044380,U001626,2025-06-11,SKU003,Puma Suede,Casual,1,79.99,0.0,79.99
T000946,S0044541,U002173,2025-06-12,SKU009,Converse Chuck Taylor,Casual,3,54.99,0.0,164.97
T000947,S0044541,U002173,2025-06-12,SKU002,Adidas Ultraboost,Running,1,179.99,0.0,179.99
T000948,S0044723,U010107,2025-06-12,SKU002,Adidas Ultraboost,Running,1,179.99,0.0,179.99
T000949,S0044803,U001409,2025-06-13,SKU001,Nike Air Max,Sneakers,1,119.99,12.0,107.99
T000950,S0044803,U001409,2025-06-13,SKU006,Skechers Sport,Sports,1,59.99,0.0,59.99
T000951,S0044830,U008149,2025-06-13,SKU005,New Balance 574,Sneakers,1,99.99,10.0,89.99
T000952,S0044830,U008149,2025-06-13,SKU003,Puma Suede,Casual,1,79.99,8.0,71.99
T000953,S0044856,U003582,2025-06-13,SKU002,Adidas Ultraboost,Running,1,179.99,0.0,179.99
T000954,S0044870,U011780,2025-06-13,SKU001,Nike Air Max,Sneakers,1,119.99,12.0,107.99
T000955,S0044881,U007750,2025-06-13,SKU008,Vans Old Skool,Casual,1,64.99,6.5,58.49
T000956,S0044881,U007750,2025-06-13,SKU003,Puma Suede,Casual,2,79.99,0.0,159.98
T000957,S0044901,U010729,2025-06-13,SKU005,New Balance 574,Sneakers,1,99.99,0.0,99.99
T000958,S0044901,U010729,2025-06-13,SKU010,Nike Pegasus,Running,1,129.99,0.0,129.99
T000959,S0044948,U006120,2025-06-13,SKU007,Timberland Boots,Boots,2,149.99,45.0,254.98
T000960,S0044948,U006120,2025-06-13,SKU009,Converse Chuck Taylor,Casual,2,54.99,0.0,109.98
T000961,S0044954,U008963,2025-06-13,SKU003,Puma Suede,Casual,1,79.99,0.0,79.99
T000962,S0044987,U006587,2025-06-13,SKU004,Reebok Classic,Casual,1,69.99,10.5,59.49
T000963,S0044987,U006587,2025-06-13,SKU005,New Balance 574,Sneakers,2,99.99,0.0,199.98
T000964,S0045480,U004307,2025-06-15,SKU008,Vans Old Skool,Casual,1,64.99,13.0,51.99
T000965,S0045498,U000187,2025-06-15,SKU004,Reebok Classic,Casual,1,69.99,0.0,69.99
T000966,S0045508,U010660,2025-06-15,SKU003,Puma Suede,Casual,1,79.99,8.0,71.99
T000967,S0045508,U010660,2025-06-15,SKU006,Skechers Sport,Sports,1,59.99,0.0,59.99
T000968,S0045549,U007956,2025-06-16,SKU006,Skechers Sport,Sports,1,59.99,0.0,59.99
T000969,S0045617,U010785,2025-06-16,SKU003,Puma Suede,Casual,1,79.99,0.0,79.99
T000970,S0045617,U010785,2025-06-16,SKU001,Nike Air Max,Sneakers,1,119.99,12.0,107.99
T000971,S0045617,U010785,2025-06-16,SKU006,Skechers Sport,Sports,2,59.99,0.0,119.98
T000972,S0045620,U002789,2025-06-16,SKU001,Nike Air Max,Sneakers,2,119.99,0.0,239.98
T000973,S0045622,U003767,2025-06-16,SKU007,Timberland Boots,Boots,1,149.99,0.0,149.99
T000974,S0045622,U003767,2025-06-16,SKU008,Vans Old Skool,Casual,1,64.99,0.0,64.99
T000975,S0045622,U003767,2025-06-16,SKU009,Converse Chuck Taylor,Casual,1,54.99,5.5,49.49
T000976,S0045622,U003767,2025-06-16,SKU001,Nike Air Max,Sneakers,1,119.99,12.0,107.99
T000977,S0045626,U011696,2025-06-16,SKU002,Adidas Ultraboost,Running,1,179.99,0.0,179.99
T000978,S0045708,U010593,2025-06-16,SKU003,Puma Suede,Casual,1,79.99,0.0,79.99
T000979,S0045743,U008895,2025-06-16,SKU007,Timberland Boots,Boots,1,149.99,0.0,149.99
T000980,S0045743,U008895,2025-06-16,SKU002,Adidas Ultraboost,Running,1,179.99,36.0,143.99
T000981,S0045849,U014324,2025-06-17,SKU009,Converse Chuck Taylor,Casual,1,54.99,0.0,54.99
T000982,S0045944,U008791,2025-06-17,SKU005,New Balance 574,Sneakers,1,99.99,10.0,89.99
T000983,S0045944,U008791,2025-06-17,SKU009,Converse Chuck Taylor,Casual,2,54.99,11.0,98.98
T000984,S0046021,U013397,2025-06-17,SKU009,Converse Chuck Taylor,Casual,1,54.99,0.0,54.99
T000985,S0046021,U013397,2025-06-17,SKU007,Timberland Boots,Boots,2,149.99,45.0,254.98
T000986,S0046021,U013397,2025-06-17,SKU002,Adidas Ultraboost,Running,1,179.99,0.0,179.99
T000987,S0046021,U013397,2025-06-17,SKU008,Vans Old Skool,Casual,1,64.99,0.0,64.99
T000988,S0046059,U009923,2025-06-17,SKU003,Puma Suede,Casual,1,79.99,0.0,79.99
T000989,S0046084,U008994,2025-06-17,SKU003,Puma Suede,Casual,1,79.99,0.0,79.99
T000990,S0046084,U008994,2025-06-17,SKU001,Nike Air Max,Sneakers,1,119.99,18.0,101.99
T000991,S0046087,U000851,2025-06-17,SKU004,Reebok Classic,Casual,1,69.99,0.0,69.99
T000992,S0046126,U007308,2025-06-17,SKU009,Converse Chuck Taylor,Casual,1,54.99,0.0,54.99
T000993,S0046148,U013222,2025-06-18,SKU005,New Balance 574,Sneakers,1,99.99,0.0,99.99
T000994,S0046168,U004693,2025-06-18,SKU001,Nike Air Max,Sneakers,1,119.99,0.0,119.99
T000995,S0046168,U004693,2025-06-18,SKU010,Nike Pegasus,Running,1,129.99,19.5,110.49
T000996,S0046207,U010895,2025-06-18,SKU010,Nike Pegasus,Running,1,129.99,13.0,116.99
T000997,S0046207,U010895,2025-06-18,SKU009,Converse Chuck Taylor,Casual,1,54.99,0.0,54.99
T000998,S0046211,U003715,2025-06-18,SKU005,New Balance 574,Sneakers,2,99.99,0.0,199.98
T000999,S0046281,U006339,2025-06-18,SKU010,Nike Pegasus,Running,1,129.99,0.0,129.99
T001000,S0046297,U013945,2025-06-18,SKU008,Vans Old Skool,Casual,1,64.99,0.0,64.99
T001001,S0046344,U000479,2025-06-18,SKU004,Reebok Classic,Casual,1,69.99,10.5,59.49
T001002,S0046344,U000479,2025-06-18,SKU009,Converse Chuck Taylor,Casual,1,54.99,0.0,54.99
T001003,S0046427,U012979,2025-06-18,SKU008,Vans Old Skool,Casual,1,64.99,0.0,64.99
T001004,S0046502,U012790,2025-06-19,SKU001,Nike Air Max,Sneakers,2,119.99,24.0,215.98
T001005,S0046563,U006638,2025-06-19,SKU008,Vans Old Skool,Casual,1,64.99,6.5,58.49
T001006,S0046575,U013488,2025-06-19,SKU009,Converse Chuck Taylor,Casual,1,54.99,11.0,43.99
T001007,S0046598,U003978,2025-06-19,SKU004,Reebok Classic,Casual,1,69.99,0.0,69.99
T001008,S0046598,U003978,2025-06-19,SKU001,Nike Air Max,Sneakers,1,119.99,0.0,119.99
T001009,S0046630,U014434,2025-06-19,SKU003,Puma Suede,Casual,3,79.99,24.0,215.97
T001010,S0046630,U014434,2025-06-19,SKU004,Reebok Classic,Casual,1,69.99,0.0,69.99
T001011,S0046683,U005167,2025-06-19,SKU004,Reebok Classic,Casual,2,69.99,14.0,125.98
T001012,S0046832,U013022,2025-06-20,SKU003,Puma Suede,Casual,1,79.99,0.0,79.99
T001013,S0046832,U013022,2025-06-20,SKU006,Skechers Sport,Sports,1,59.99,0.0,59.99
T001014,S0046902,U014768,2025-06-20,SKU001,Nike Air Max,Sneakers,1,119.99,0.0,119.99
T001015,S0046967,U014548,2025-06-20,SKU002,Adidas Ultraboost,Running,1,179.99,0.0,179.99
T001016,S0047030,U008723,2025-06-20,SKU003,Puma Suede,Casual,1,79.99,0.0,79.99
T001017,S0047030,U008723,2025-06-20,SKU002,Adidas Ultraboost,Running,2,179.99,0.0,359.98
T001018,S0047098,U000329,2025-06-21,SKU004,Reebok Classic,Casual,1,69.99,10.5,59.49
T001019,S0047138,U006307,2025-06-21,SKU007,Timberland Boots,Boots,1,149.99,0.0,149.99
T001020,S0047249,U006388,2025-06-21,SKU005,New Balance 574,Sneakers,2,99.99,20.0,179.98
T001021,S0047249,U006388,2025-06-21,SKU010,Nike Pegasus,Running,1,129.99,0.0,129.99
T001022,S0047415,U003852,2025-06-22,SKU010,Nike Pegasus,Running,3,129.99,0.0,389.97
T001023,S0047415,U003852,2025-06-22,SKU007,Timberland Boots,Boots,1,149.99,22.5,127.49
T001024,S0047540,U009650,2025-06-23,SKU010,Nike Pegasus,Running,2,129.99,39.0,220.98
T001025,S0047540,U009650,2025-06-23,SKU009,Converse Chuck Taylor,Casual,1,54.99,0.0,54.99
T001026,S0047665,U012147,2025-06-23,SKU009,Converse Chuck Taylor,Casual,1,54.99,5.5,49.49
T001027,S0047683,U003802,2025-06-23,SKU001,Nike Air Max,Sneakers,1,119.99,18.0,101.99
T001028,S0047806,U010429,2025-06-23,SKU005,New Balance 574,Sneakers,1,99.99,10.0,89.99
T001029,S0047843,U000718,2025-06-24,SKU004,Reebok Classic,Casual,1,69.99,14.0,55.99
T001030,S0047871,U003350,2025-06-24,SKU007,Timberland Boots,Boots,1,149.99,15.0,134.99
T001031,S0047871,U003350,2025-06-24,SKU006,Skechers Sport,Sports,1,59.99,0.0,59.99
T001032,S0047871,U003350,2025-06-24,SKU003,Puma Suede,Casual,1,79.99,0.0,79.99
T001033,S0047903,U002751,2025-06-24,SKU008,Vans Old Skool,Casual,1,64.99,0.0,64.99
T001034,S0047971,U007455,2025-06-24,SKU002,Adidas Ultraboost,Running,1,179.99,0.0,179.99
T001035,S0047971,U007455,2025-06-24,SKU001,Nike Air Max,Sneakers,1,119.99,12.0,107.99
T001036,S0048090,U008212,2025-06-24,SKU009,Converse Chuck Taylor,Casual,1,54.99,5.5,49.49
T001037,S0048141,U006440,2025-06-24,SKU002,Adidas Ultraboost,Running,1,179.99,0.0,179.99
T001038,S0048208,U012340,2025-06-25,SKU008,Vans Old Skool,Casual,2,64.99,13.0,116.98
T001039,S0048208,U012340,2025-06-25,SKU003,Puma Suede,Casual,1,79.99,8.0,71.99
T001040,S0048415,U000395,2025-06-25,SKU003,Puma Suede,Casual,1,79.99,0.0,79.99
T001041,S0048577,U011945,2025-06-26,SKU009,Converse Chuck Taylor,Casual,1,54.99,0.0,54.99
T001042,S0048620,U014141,2025-06-26,SKU007,Timberland Boots,Boots,1,149.99,0.0,149.99
T001043,S0048633,U010871,2025-06-26,SKU005,New Balance 574,Sneakers,1,99.99,15.0,84.99
T001044,S0048633,U010871,2025-06-26,SKU003,Puma Suede,Casual,1,79.99,0.0,79.99
T001045,S0048633,U010871,2025-06-26,SKU006,Skechers Sport,Sports,1,59.99,0.0,59.99
T001046,S0048788,U010841,2025-06-26,SKU008,Vans Old Skool,Casual,3,64.99,0.0,194.97
T001047,S0048788,U010841,2025-06-26,SKU002,Adidas Ultraboost,Running,1,179.99,0.0,179.99
T001048,S0048788,U010841,2025-06-26,SKU007,Timberland Boots,Boots,1,149.99,0.0,149.99
T001049,S0048788,U010841,2025-06-26,SKU010,Nike Pegasus,Running,1,129.99,13.0,116.99
T001050,S0048862,U011644,2025-06-27,SKU009,Converse Chuck Taylor,Casual,2,54.99,0.0,109.98
T001051,S0048898,U010588,2025-06-27,SKU004,Reebok Classic,Casual,1,69.99,0.0,69.99
T001052,S0048973,U003034,2025-06-27,SKU010,Nike Pegasus,Running,1,129.99,0.0,129.99
T001053,S0049061,U009297,2025-06-27,SKU005,New Balance 574,Sneakers,1,99.99,0.0,99.99
T001054,S0049105,U014408,2025-06-27,SKU007,Timberland Boots,Boots,1,149.99,0.0,149.99
T001055,S0049157,U012356,2025-06-28,SKU006,Skechers Sport,Sports,2,59.99,0.0,119.98
T001056,S0049216,U009449,2025-06-28,SKU007,Timberland Boots,Boots,1,149.99,0.0,149.99
T001057,S0049241,U001279,2025-06-28,SKU001,Nike Air Max,Sneakers,1,119.99,0.0,119.99
T001058,S0049324,U007190,2025-06-28,SKU005,New Balance 574,Sneakers,1,99.99,0.0,99.99
T001059,S0049505,U011933,2025-06-29,SKU003,Puma Suede,Casual,1,79.99,8.0,71.99
T001060,S0049505,U011933,2025-06-29,SKU008,Vans Old Skool,Casual,1,64.99,0.0,64.99
T001061,S0049505,U011933,2025-06-29,SKU010,Nike Pegasus,Running,1,129.99,0.0,129.99
T001062,S0049508,U006088,2025-06-29,SKU007,Timberland Boots,Boots,1,149.99,0.0,149.99
T001063,S0049508,U006088,2025-06-29,SKU003,Puma Suede,Casual,1,79.99,0.0,79.99
T001064,S0049532,U009262,2025-06-29,SKU003,Puma Suede,Casual,1,79.99,0.0,79.99
T001065,S0049532,U009262,2025-06-29,SKU004,Reebok Classic,Casual,1,69.99,0.0,69.99
T001066,S0049579,U007347,2025-06-29,SKU005,New Balance 574,Sneakers,1,99.99,0.0,99.99
T001067,S0049797,U012476,2025-06-30,SKU003,Puma Suede,Casual,1,79.99,0.0,79.99
T001068,S0049797,U012476,2025-06-30,SKU008,Vans Old Skool,Casual,1,64.99,0.0,64.99
T001069,S0049797,U012476,2025-06-30,SKU007,Timberland Boots,Boots,1,149.99,0.0,149.99
T001070,S0049841,U007782,2025-06-30,SKU006,Skechers Sport,Sports,3,59.99,18.0,161.97
T001071,S0049881,U001733,2025-06-30,SKU008,Vans Old Skool,Casual,1,64.99,0.0,64.99
T001072,S0049897,U006496,2025-06-30,SKU010,Nike Pegasus,Running,1,129.99,19.5,110.49
T001073,S0049897,U006496,2025-06-30,SKU006,Skechers Sport,Sports,2,59.99,0.0,119.98
